model,correct,confidence,center_fraction,border_fraction,peak_area
standard_stratified,True,0.9999956,0.49786678,0.5021332,0.2508203125
standard_stratified,True,0.99990120346,0.53814673,0.46185318,0.1358203125
standard_stratified,True,0.999940165217,0.5422195,0.45778054,0.179609375
standard_stratified,True,0.9999995,0.5714348,0.42856517,0.260703125
standard_stratified,True,1.0,0.54045033,0.4595496,0.14859375
standard_stratified,True,0.9994251423,0.48447236,0.51552767,0.12703125
standard_stratified,True,0.9942607977,0.54359794,0.45640206,0.1574609375
standard_stratified,True,0.9897468,0.49125698,0.508743,0.1391015625
standard_stratified,True,0.9008256,0.3005757,0.6994242,0.3578125
standard_stratified,True,0.9999999,0.55774766,0.44225237,0.11640625
standard_stratified,True,0.91917087,0.6460399,0.35396013,0.1864453125
standard_stratified,True,0.9995239787,0.525194,0.47480607,0.10359375
standard_stratified,True,0.99996595071,0.5631214,0.43687865,0.1233984375
standard_stratified,True,0.99969550225,0.48947653,0.51052344,0.2804296875
standard_stratified,True,0.9950145874,0.5529822,0.44701785,0.0909765625
standard_stratified,True,0.9999571,0.5460934,0.4539065,0.12
standard_stratified,True,0.9999999,0.5745316,0.4254684,0.2424609375
standard_stratified,True,0.99999973244073,0.52674603,0.473254,0.155
standard_stratified,True,0.99943474744,0.5393479,0.46065214,0.2131640625
standard_stratified,True,0.99999924840785,0.5678986,0.4321014,0.1379296875
standard_stratified,True,0.999806,0.529087,0.47091296,0.160390625
standard_stratified,True,0.995822218,0.4635994,0.5364006,0.143125
standard_stratified,True,0.975195061,0.5898362,0.41016382,0.25015625
standard_stratified,True,0.9999996973247,0.5451543,0.45484564,0.1071484375
standard_stratified,True,0.9999999948400076,0.537882,0.46211803,0.242578125
standard_stratified,True,0.78019,0.372713,0.62728703,0.2088671875
standard_stratified,True,0.9761078,0.5227261,0.4772739,0.2068359375
standard_stratified,True,0.9988893829,0.55484533,0.44515467,0.1477734375
standard_stratified,True,0.9999999,0.5462307,0.4537694,0.2248828125
standard_stratified,True,0.99991057156,0.49454874,0.5054513,0.2458203125
standard_stratified,True,0.999997555653,0.5748813,0.42511863,0.2047265625
standard_stratified,True,0.99999356,0.519758,0.48024204,0.2502734375
standard_stratified,True,0.9999484,0.48368877,0.5163113,0.146015625
standard_stratified,True,0.9999999,0.5187244,0.48127556,0.1755078125
standard_stratified,True,0.77597728,0.4519154,0.5480846,0.08140625
standard_stratified,True,0.999987,0.52749956,0.47250047,0.1805859375
standard_stratified,True,0.9985512,0.56771696,0.43228316,0.1994921875
standard_stratified,True,0.99314547,0.5003362,0.49966374,0.27
standard_stratified,True,0.99999965379916,0.56132275,0.43867728,0.1573046875
standard_stratified,True,0.99990999261,0.5824096,0.41759032,0.2838671875
standard_stratified,False,0.69905832,0.767157,0.23284312,0.09203125
standard_stratified,False,0.9278067,0.4418916,0.5581084,0.2024609375
standard_stratified,False,0.6203984,0.24421333,0.75578666,0.2166796875
standard_stratified,False,0.6001244,0.49950776,0.5004922,0.045546875
standard_stratified,False,0.5404892,0.20614104,0.79385895,0.0699609375
standard_stratified,False,0.89479667,0.42339653,0.5766035,0.093046875
standard_stratified,False,0.9350207,0.21811688,0.78188306,0.26015625
standard_stratified,False,0.6126754,0.21425758,0.78574246,0.179765625
standard_stratified,False,0.96222942,0.57659835,0.42340174,0.2067578125
standard_stratified,False,0.801628,0.40822646,0.5917735,0.0648046875
standard_stratified,False,0.5641093,0.2426521,0.7573478,0.188359375
standard_stratified,False,0.5292581,0.4794282,0.5205718,0.0375
standard_stratified,False,0.890893,0.3867725,0.6132274,0.2189453125
standard_stratified,False,0.64567083,0.29158086,0.70841914,0.1912890625
standard_stratified,False,0.79892385,0.25035718,0.7496429,0.1245703125
standard_stratified,False,0.87878248,0.5467495,0.45325044,0.129375
standard_stratified,False,0.88311766,0.6750372,0.32496294,0.109765625
standard_stratified,False,0.73606768,0.4915599,0.5084401,0.0422265625
standard_stratified,False,0.5273093,0.45711493,0.54288507,0.0918359375
standard_stratified,False,0.53189006,0.46745512,0.5325449,0.060078125
standard_stratified,False,0.8521892600000001,0.56675047,0.4332495,0.089609375
standard_stratified,False,0.6064136,0.37773466,0.6222652,0.1393359375
standard_stratified,False,0.91059345,0.41541436,0.5845856,0.0776171875
standard_stratified,False,0.7385525,0.28182253,0.71817744,0.128984375
standard_stratified,False,0.9838403,0.3674928,0.6325073,0.2414453125
standard_stratified,False,0.9745588,0.39766034,0.6023396,0.133984375
standard_stratified,False,0.9532942,0.48831603,0.51168394,0.1358203125
standard_stratified,False,0.8536181,0.53227246,0.4677276,0.10921875
standard_stratified,False,0.54127428,0.48538944,0.5146106,0.0603125
standard_stratified,False,0.98775405,0.47159845,0.5284015,0.23953125
standard_stratified,False,0.6084748200000001,0.5167172,0.48328283,0.1581640625
sample_grouped,True,0.93414195,0.49452913,0.50547093,0.0828125
sample_grouped,True,0.999980149358,0.47978225,0.52021766,0.1691796875
sample_grouped,True,0.55628058,0.4389796,0.56102043,0.0598828125
sample_grouped,True,0.9731848,0.4900044,0.50999564,0.2469921875
sample_grouped,True,0.984269468,0.46087512,0.53912485,0.119609375
sample_grouped,True,0.9995091597,0.538824,0.46117598,0.16421875
sample_grouped,True,0.90606387,0.43435913,0.5656409,0.055
sample_grouped,True,0.99985081312,0.50699365,0.49300632,0.161640625
sample_grouped,True,0.93636061,0.39605546,0.6039445,0.1290234375
sample_grouped,True,0.8179474,0.30702457,0.69297546,0.2196875
sample_grouped,True,0.9997764,0.5016258,0.49837416,0.1761328125
sample_grouped,True,0.8826994,0.38674587,0.61325413,0.244296875
sample_grouped,True,0.7466545,0.51177603,0.4882239,0.118203125
sample_grouped,True,0.9169647,0.46088412,0.5391159,0.1697265625
sample_grouped,True,0.96125528,0.47875646,0.5212436,0.1533203125
sample_grouped,True,0.9709819,0.39500847,0.6049915,0.1419921875
sample_grouped,True,0.9669516,0.44743204,0.5525679,0.286796875
sample_grouped,True,0.9502827,0.43307456,0.5669255,0.1835546875
sample_grouped,True,0.9876446,0.42607218,0.5739278,0.1327734375
sample_grouped,True,0.64341772,0.41423205,0.58576787,0.2309765625
sample_grouped,True,0.93153554,0.38339764,0.6166024,0.1061328125
sample_grouped,True,0.61911193,0.32061583,0.6793841,0.122421875
sample_grouped,True,0.998555,0.49462044,0.5053796,0.207734375
sample_grouped,True,0.9985000523,0.49256194,0.5074382,0.1381640625
sample_grouped,True,0.909805484,0.5072478,0.49275222,0.064609375
sample_grouped,True,0.7526368,0.3901214,0.60987854,0.1865234375
sample_grouped,True,0.67011786,0.36313063,0.63686943,0.225078125
sample_grouped,True,0.90494084,0.39662236,0.60337764,0.149296875
sample_grouped,True,0.99963677925,0.54991823,0.45008174,0.083671875
sample_grouped,True,0.9994623945,0.467662,0.53233796,0.1833984375
sample_grouped,True,0.8010976,0.2586777,0.7413223,0.1052734375
sample_grouped,True,0.98019344,0.4649396,0.53506035,0.134296875
sample_grouped,True,0.78759572,0.30752838,0.6924717,0.148828125
sample_grouped,True,0.56547,0.19436121,0.80563885,0.1385546875
sample_grouped,True,0.9476415,0.42093045,0.5790695,0.189296875
sample_grouped,True,0.989963211,0.46548373,0.53451633,0.1203125
sample_grouped,True,0.9489537,0.48279303,0.517207,0.1457421875
sample_grouped,True,0.978714366,0.50598735,0.49401268,0.0840625
sample_grouped,True,0.7443514,0.28463808,0.7153619,0.290078125
sample_grouped,True,0.945221126,0.49513203,0.5048679,0.3266015625
sample_grouped,False,0.5181744,0.3354105,0.66458946,0.19
sample_grouped,False,0.68859863,0.39178404,0.608216,0.1576953125
sample_grouped,False,0.93496364,0.4530964,0.54690367,0.1767578125
sample_grouped,False,0.92526215,0.4615213,0.5384788,0.1362890625
sample_grouped,False,0.995924973,0.50135654,0.4986435,0.19015625
sample_grouped,False,0.95784622,0.48563927,0.5143608,0.0877734375
sample_grouped,False,0.87727848,0.43185186,0.5681481,0.1987890625
sample_grouped,False,0.67270485,0.46549803,0.53450197,0.188515625
sample_grouped,False,0.9133333299999999,0.39679545,0.60320455,0.0896875
sample_grouped,False,0.989390817,0.48227447,0.5177256,0.06390625
sample_grouped,False,0.926385,0.5183244,0.48167562,0.07859375
sample_grouped,False,0.52865183,0.32785666,0.6721434,0.15328125
sample_grouped,False,0.988428054,0.53759456,0.46240544,0.13203125
sample_grouped,False,0.999983917605,0.5023139,0.49768606,0.1608203125
sample_grouped,False,0.962399494,0.5267499,0.4732501,0.099296875
sample_grouped,False,0.69187045,0.3639696,0.6360304,0.2237109375
sample_grouped,False,0.69840193,0.4247336,0.5752664,0.0846484375
sample_grouped,False,0.99581194,0.50567466,0.49432534,0.2940234375
sample_grouped,False,0.9989626565,0.56224024,0.4377598,0.182734375
sample_grouped,False,0.909322366,0.56149375,0.43850625,0.1176953125
sample_grouped,False,0.89056474,0.45060337,0.54939663,0.077890625
sample_grouped,False,0.99554104,0.49289954,0.5071005,0.1340625
sample_grouped,False,0.9374518000000001,0.49231133,0.5076887,0.2562890625
sample_grouped,False,0.970467543,0.567664,0.43233603,0.1025390625
sample_grouped,False,0.957029685,0.5813952,0.41860485,0.0778125
sample_grouped,False,0.924721904,0.45419908,0.5458009,0.11046875
sample_grouped,False,0.88635827,0.4450264,0.55497366,0.08984375
sample_grouped,False,0.50564447,0.50153536,0.49846464,0.0358984375
sample_grouped,False,0.999987610961,0.4880141,0.5119859,0.1849609375
sample_grouped,False,0.949227486,0.48427683,0.51572317,0.15734375
sample_grouped,False,0.81769985,0.37014213,0.62985784,0.12390625
sample_grouped,False,0.99171821,0.51973975,0.48026025,0.1499609375
sample_grouped,False,0.5388403,0.33192417,0.6680758,0.1773046875
sample_grouped,False,0.74213699,0.47092637,0.5290737,0.1623828125
sample_grouped,False,0.92361569,0.55859077,0.44140917,0.11875
sample_grouped,False,0.99983351925,0.5609728,0.43902722,0.1217578125
sample_grouped,False,0.9969593475,0.5017764,0.49822348,0.081796875
sample_grouped,False,0.79861224,0.27233705,0.727663,0.255078125
sample_grouped,False,0.7367015800000001,0.49852914,0.5014709,0.063671875
sample_grouped,False,0.67402714,0.34827736,0.65172267,0.1247265625
microscope_0,True,0.9984768,0.55079263,0.44920734,0.3035546875
microscope_0,True,0.99922955,0.5223522,0.4776479,0.10359375
microscope_0,True,0.6510879,0.3497194,0.6502806,0.116796875
microscope_0,True,1.0,0.5587878,0.44121215,0.2271484375
microscope_0,True,0.97632776,0.5245358,0.47546434,0.2016796875
microscope_0,True,0.9995382,0.52505594,0.47494397,0.1233984375
microscope_0,True,0.96464443,0.52660704,0.4733929,0.1072265625
microscope_0,True,0.99990225,0.4942259,0.505774,0.07484375
microscope_0,True,0.6678739,0.29870105,0.70129895,0.1963671875
microscope_0,True,1.0,0.54285955,0.45714042,0.2815234375
microscope_0,True,0.99999905,0.5304981,0.46950194,0.2266015625
microscope_0,True,0.9994860374,0.5037836,0.49621645,0.1602734375
microscope_0,True,0.9999988,0.5059338,0.49406618,0.3821875
microscope_0,True,0.9946026565,0.48296085,0.5170391,0.1528125
microscope_0,True,0.999994717384,0.52224976,0.47775027,0.1738671875
microscope_0,True,0.85676768,0.43092865,0.5690713,0.1844140625
microscope_0,True,0.56938115,0.53105605,0.46894395,0.1098046875
microscope_0,True,0.951182526,0.54881746,0.45118254,0.178359375
microscope_0,True,0.9973929715,0.43879312,0.561207,0.097109375
microscope_0,True,0.991213,0.39449164,0.6055083,0.1556640625
microscope_0,True,0.9526396,0.5927995,0.40720046,0.142734375
microscope_0,True,1.0,0.5110808,0.48891917,0.181484375
microscope_0,True,0.9986481827,0.46536154,0.53463846,0.1467578125
microscope_0,True,0.90036505,0.39487362,0.6051263,0.1251171875
microscope_0,True,0.99995332187,0.48475367,0.5152464,0.1086328125
microscope_0,True,0.83023953,0.48709112,0.51290894,0.0880078125
microscope_0,True,0.9922062815,0.45879516,0.5412049,0.109296875
microscope_0,True,0.8660382,0.49600512,0.5039948,0.0958984375
microscope_0,True,0.9996642,0.5493194,0.45068055,0.22046875
microscope_0,True,1.0,0.5207549,0.47924507,0.319140625
microscope_0,True,0.98454805,0.43828803,0.5617119,0.16546875
microscope_0,True,0.71002996,0.38526234,0.6147376,0.0678515625
microscope_0,True,0.972226366,0.52614415,0.47385588,0.10890625
microscope_0,True,0.990147116,0.48432928,0.5156707,0.1744921875
microscope_0,True,0.80789936,0.34034154,0.65965855,0.1355078125
microscope_0,True,0.9411447,0.40875518,0.5912448,0.089375
microscope_0,True,0.9992107,0.54925764,0.4507423,0.30328125
microscope_0,True,0.9998504,0.52344656,0.4765534,0.2668359375
microscope_0,True,0.7244615,0.57216054,0.42783952,0.102265625
microscope_0,True,0.90616375,0.5282615,0.47173852,0.141875
microscope_0,False,0.8615544,0.47487494,0.525125,0.316875
microscope_0,False,0.9882096,0.41269907,0.58730096,0.1741796875
microscope_0,False,0.984115725,0.5433904,0.45660958,0.09578125
microscope_0,False,0.75937833,0.3596457,0.6403543,0.13421875
microscope_0,False,0.6493879,0.5488895,0.45111054,0.0287890625
microscope_0,False,0.9999739,0.47748074,0.5225193,0.0858984375
microscope_0,False,0.99793917,0.4529617,0.54703826,0.1487109375
microscope_0,False,0.54797924,0.5036661,0.496334,0.0996875
microscope_0,False,0.5290508,0.36738393,0.63261616,0.212734375
microscope_0,False,0.9980527435,0.5445726,0.4554274,0.08359375
microscope_0,False,0.77484155,0.23459452,0.7654055,0.1476171875
microscope_0,False,0.66826913,0.37918308,0.6208168,0.17046875
microscope_0,False,0.9661935,0.5040555,0.4959445,0.0910546875
microscope_0,False,0.941060316,0.4944336,0.5055665,0.0781640625
microscope_0,False,0.9982584,0.46678564,0.5332144,0.2729296875
microscope_0,False,0.9999211,0.46223423,0.5377658,0.07578125
microscope_0,False,0.80872707,0.41280055,0.5871995,0.1315625
microscope_0,False,0.975297697,0.44892624,0.5510738,0.336015625
microscope_0,False,0.90473753,0.38465714,0.6153429,0.1144921875
microscope_0,False,0.99935526,0.5223387,0.47766128,0.2513671875
microscope_0,False,0.9953601914,0.52648294,0.473517,0.1083984375
microscope_0,False,0.994809967,0.47626355,0.5237364,0.1087890625
microscope_0,False,0.9218129,0.3976702,0.6023298,0.0896484375
microscope_0,False,0.9692636,0.3897918,0.6102082,0.136875
microscope_0,False,0.75881457,0.33276471,0.6672354,0.208046875
microscope_0,False,0.9996482,0.49966973,0.5003302,0.0476953125
microscope_0,False,0.90480447,0.58449364,0.41550645,0.1449609375
microscope_0,False,0.95233274,0.47123408,0.528766,0.3187109375
microscope_0,False,0.5055092,0.50919217,0.4908078,0.0449609375
microscope_0,False,0.7447947,0.41125882,0.58874124,0.114375
microscope_0,False,0.8129776,0.43316877,0.56683123,0.0895703125
microscope_0,False,0.97517586,0.5717776,0.4282224,0.227578125
microscope_0,False,0.9579073,0.5283177,0.47168234,0.1438671875
microscope_0,False,0.994851726,0.4515768,0.54842323,0.138359375
microscope_0,False,0.99994445,0.48947448,0.51052547,0.167578125
microscope_0,False,0.9999943,0.5138783,0.4861217,0.20078125
microscope_0,False,0.54852027,0.36725682,0.6327431,0.21203125
microscope_0,False,0.99999416,0.48924053,0.51075953,0.1876171875
microscope_0,False,0.99861455,0.39351475,0.60648525,0.196171875
microscope_0,False,0.9995497,0.42200103,0.577999,0.11578125
magnification_20x,True,0.6156273,0.50733894,0.49266112,0.106796875
magnification_20x,True,0.6392125,0.50129056,0.4987094,0.1608203125
magnification_20x,True,0.99943040515,0.52381885,0.47618112,0.1414453125
magnification_20x,True,0.9027072,0.5709639,0.4290362,0.07265625
magnification_20x,True,0.52457494,0.5148064,0.48519355,0.158203125
magnification_20x,True,0.7161819300000001,0.4790965,0.52090347,0.1610546875
magnification_20x,True,0.976947404,0.401646,0.598354,0.1558203125
magnification_20x,True,0.9987940658,0.49203208,0.50796795,0.17125
magnification_20x,True,0.8743286,0.3714092,0.62859076,0.2072265625
magnification_20x,True,0.995966279,0.48873737,0.51126266,0.2456640625
magnification_20x,True,0.8227927,0.485603,0.51439697,0.0783984375
magnification_20x,True,0.954117958,0.366242,0.633758,0.5031640625
magnification_20x,True,0.6028788,0.3655826,0.63441736,0.15328125
magnification_20x,True,0.95000386,0.42433178,0.5756683,0.1573828125
magnification_20x,True,0.83246332,0.44345912,0.5565409,0.250859375
magnification_20x,True,0.968698513,0.4268022,0.5731977,0.253046875
magnification_20x,True,0.995446057,0.47744066,0.52255934,0.15296875
magnification_20x,True,0.999084357,0.54908764,0.45091245,0.0808984375
magnification_20x,True,0.9954289333,0.526053,0.47394696,0.0884765625
magnification_20x,True,0.9958859016,0.5364354,0.4635646,0.14859375
magnification_20x,True,0.970992094,0.4747194,0.5252806,0.2815234375
magnification_20x,True,0.993531673,0.49278992,0.50721014,0.0759375
magnification_20x,True,0.55552435,0.5968465,0.40315348,0.112734375
magnification_20x,True,0.83789706,0.4356985,0.5643015,0.1654296875
magnification_20x,True,0.84993584,0.53805095,0.46194905,0.2191015625
magnification_20x,True,0.984324077,0.41408277,0.58591723,0.2883203125
magnification_20x,True,0.5032533,0.3272745,0.6727255,0.0983984375
magnification_20x,True,0.99147726,0.54468346,0.4553165,0.2168359375
magnification_20x,True,0.83417374,0.47653747,0.52346253,0.164609375
magnification_20x,True,0.7350841,0.42551327,0.57448673,0.1021875
magnification_20x,True,0.86574045,0.47240958,0.5275904,0.1464453125
magnification_20x,True,0.9785743,0.4681367,0.5318633,0.286640625
magnification_20x,True,0.5047329,0.41250393,0.58749604,0.1082421875
magnification_20x,True,0.979377778,0.48014894,0.5198511,0.155390625
magnification_20x,True,0.9970947977,0.42709073,0.5729093,0.1514453125
magnification_20x,True,0.948543157,0.49335724,0.5066427,0.2359375
magnification_20x,True,0.8085159,0.5739959,0.42600414,0.1844140625
magnification_20x,True,0.99983631537,0.54845685,0.45154312,0.115078125
magnification_20x,True,0.6698936,0.247834,0.7521659,0.0653125
magnification_20x,True,0.99848855,0.4576825,0.5423175,0.1175390625
magnification_20x,False,0.7419039599999999,0.46156493,0.5384351,0.025546875
magnification_20x,False,0.7330174,0.35121316,0.64878684,0.2706640625
magnification_20x,False,0.671584,0.49986568,0.50013435,0.1644921875
magnification_20x,False,0.6936864300000001,0.46174172,0.5382583,0.33265625
magnification_20x,False,0.6623178000000001,0.3340922,0.66590774,0.1698828125
magnification_20x,False,0.6972776700000001,0.47532007,0.52467996,0.210703125
magnification_20x,False,0.89397363,0.32167113,0.67832893,0.101328125
magnification_20x,False,0.66444397,0.43619052,0.5638095,0.0967578125
magnification_20x,False,0.72986022,0.43746594,0.562534,0.4341796875
magnification_20x,False,0.5980528,0.413588,0.58641195,0.144140625
magnification_20x,False,0.50445047,0.42693087,0.57306916,0.101171875
magnification_20x,False,0.8618376,0.31645992,0.6835401,0.0780859375
magnification_20x,False,0.65968794,0.28281274,0.7171873,0.2546484375
magnification_20x,False,0.9935889323,0.52500284,0.47499713,0.1673828125
magnification_20x,False,0.7989782,0.3147288,0.68527114,0.1335546875
magnification_20x,False,0.6368388,0.27898276,0.72101724,0.3197265625
magnification_20x,False,0.985569261,0.55805856,0.4419415,0.1354296875
magnification_20x,False,0.7437031599999999,0.33951446,0.66048545,0.1599609375
magnification_20x,False,0.67313826,0.3549662,0.6450338,0.11609375
magnification_20x,False,0.7691855599999999,0.44947696,0.55052304,0.1708203125
magnification_20x,False,0.6180345700000001,0.35242438,0.6475756,0.0587109375
magnification_20x,False,0.97215202,0.24167919,0.75832087,0.145234375
magnification_20x,False,0.7963241,0.35737056,0.6426295,0.1564453125
magnification_20x,False,0.6808274999999999,0.47085586,0.5291441,0.1798046875
magnification_20x,False,0.76459166,0.40174237,0.59825766,0.144140625
magnification_20x,False,0.69238025,0.55284804,0.44715202,0.2161328125
magnification_20x,False,0.81748503,0.52497,0.47503,0.1896875
magnification_20x,False,0.985910598,0.4024851,0.59751487,0.2601171875
magnification_20x,False,0.5390003999999999,0.3503531,0.6496469,0.10140625
magnification_20x,False,0.66303033,0.40088972,0.59911025,0.0903125
magnification_20x,False,0.69837585,0.49906245,0.5009375,0.262734375
magnification_20x,False,0.78905371,0.58940816,0.4105918,0.0753125
magnification_20x,False,0.9399251,0.5050351,0.49496487,0.1268359375
magnification_20x,False,0.5866669,0.3562824,0.64371765,0.1409375
magnification_20x,False,0.73925033,0.4560254,0.5439747,0.103984375
magnification_20x,False,0.989944926,0.47459728,0.5254027,0.2509375
magnification_20x,False,0.72047174,0.61593074,0.3840693,0.0361328125
magnification_20x,False,0.80919205,0.32269824,0.6773018,0.1467578125
magnification_20x,False,0.8962723,0.30212784,0.6978722,0.140546875
magnification_20x,False,0.73986274,0.47340265,0.52659744,0.1363671875
magnification_100x,True,0.978285994,0.53573257,0.4642674,0.1087890625
magnification_100x,True,0.9807387,0.49838665,0.50161344,0.3340625
magnification_100x,True,0.9935656,0.47322762,0.5267723,0.1828125
magnification_100x,True,0.91072349,0.50470793,0.4952921,0.2645703125
magnification_100x,True,0.9979628683,0.5087908,0.4912092,0.06828125
magnification_100x,True,0.9917696845,0.5304226,0.4695774,0.1428515625
magnification_100x,True,0.97820765,0.51272756,0.48727247,0.2809765625
magnification_100x,True,0.985274292,0.42313135,0.5768688,0.0934375
magnification_100x,True,0.9999976,0.5106975,0.48930246,0.12078125
magnification_100x,True,0.999956,0.5523461,0.44765395,0.1778515625
magnification_100x,True,0.9987132915,0.5593278,0.44067222,0.277265625
magnification_100x,True,0.969883934,0.46148255,0.5385174,0.113046875
magnification_100x,True,0.51982313,0.18950263,0.81049746,0.0969140625
magnification_100x,True,0.999962015314,0.5227276,0.47727236,0.163046875
magnification_100x,True,0.99508107,0.42011866,0.5798814,0.2323828125
magnification_100x,True,0.991878588,0.47583178,0.5241682,0.1500390625
magnification_100x,True,0.96171266,0.46620354,0.5337964,0.4425
magnification_100x,True,0.9999908,0.5086894,0.49131066,0.2602734375
magnification_100x,True,0.999974893713,0.5593249,0.44067505,0.21046875
magnification_100x,True,0.971424403,0.48416677,0.5158332,0.067578125
magnification_100x,True,0.959866438,0.48746166,0.5125384,0.152578125
magnification_100x,True,0.9955972144,0.5180336,0.48196635,0.1611328125
magnification_100x,True,0.9679726,0.36648872,0.63351125,0.1594140625
magnification_100x,True,0.99854434,0.47874364,0.5212564,0.163046875
magnification_100x,True,0.9996474,0.46147072,0.5385292,0.318984375
magnification_100x,True,0.977183145,0.42845237,0.5715476,0.188203125
magnification_100x,True,0.9951529,0.51992834,0.48007157,0.2191015625
magnification_100x,True,0.9438015,0.4777554,0.5222446,0.04984375
magnification_100x,True,0.99976766895,0.51400983,0.48599014,0.205859375
magnification_100x,True,0.84819448,0.4871779,0.5128221,0.0869140625
magnification_100x,True,0.9997217,0.52442205,0.47557807,0.2805859375
magnification_100x,True,0.9924401,0.5764923,0.4235077,0.2786328125
magnification_100x,True,0.999950460096,0.53630763,0.46369243,0.153515625
magnification_100x,True,0.96635457,0.45220828,0.54779166,0.1151953125
magnification_100x,True,0.99999976,0.57404155,0.4259584,0.280234375
magnification_100x,True,0.976011364,0.4706004,0.5293997,0.2045703125
magnification_100x,True,0.92622098,0.49331772,0.5066822,0.08578125
magnification_100x,True,0.9993488,0.41860372,0.58139634,0.2285546875
magnification_100x,True,0.941318177,0.45216128,0.54783875,0.0605859375
magnification_100x,True,0.991448337,0.504644,0.49535602,0.05109375
magnification_100x,False,0.5148302,0.18707919,0.8129208,0.1648046875
magnification_100x,False,0.7432688000000001,0.52050334,0.47949666,0.0962890625
magnification_100x,False,0.993407,0.37232164,0.6276784,0.235
magnification_100x,False,0.91738594,0.41112185,0.5888782,0.1610546875
magnification_100x,False,0.50203645,0.3182508,0.68174917,0.2033984375
magnification_100x,False,0.51054007,0.48712265,0.5128773,0.0953125
magnification_100x,False,0.6251040999999999,0.55271983,0.44728023,0.148125
magnification_100x,False,0.7052933,0.5883583,0.4116417,0.058046875
magnification_100x,False,0.7825217,0.3185154,0.6814846,0.16921875
magnification_100x,False,0.93761338,0.48439872,0.5156014,0.0494140625
magnification_100x,False,0.92610526,0.36435315,0.635647,0.0980859375
magnification_100x,False,0.88895426,0.48766854,0.5123315,0.147421875
magnification_100x,False,0.92978969,0.5225064,0.4774936,0.1284765625
magnification_100x,False,0.9710603,0.47928274,0.52071726,0.19796875
magnification_100x,False,0.67377186,0.36976373,0.63023627,0.184921875
