model,correct,n,mean_confidence,center_fraction,border_fraction,peak_area
magnification_100x,False,15,0.7747788206666667,0.4309311,0.5690689,0.14250260416666669
magnification_100x,True,40,0.967586714969325,0.48599666,0.51400334,0.18079394531249998
magnification_20x,False,40,0.7537962041824999,0.41724592,0.5827541,0.163744140625
magnification_20x,True,40,0.859189056648,0.46899977,0.53100026,0.16848828124999998
microscope_0,False,40,0.8846745953975,0.45636505,0.54363495,0.15129296875
microscope_0,True,40,0.92981339117135,0.48750582,0.5124942,0.166265625
sample_grouped,False,40,0.8602708635954001,0.46568304,0.534317,0.14032128906250002
sample_grouped,True,40,0.8901930585807,0.43123513,0.56876487,0.1598974609375
standard_stratified,False,31,0.7609939622580646,0.42546394,0.574536,0.13352192540322583
standard_stratified,True,40,0.9822571740928112,0.5261019,0.47389808,0.185337890625
