FileNameHarm,ID,SampleIDHarm,Magnification,ImageSizePx,MicroscopeID,EtchingID,ExposureHarm,ApertureHarm,ObjectivHarm,FilterHarm,Phase,PatchID,metadata_row,_map_key,image_path,relative_path,filename,stem,parent_folder,image_hash
72_A_Bainite_01,72,A,50x,256,2,1,high,high,standard,noFilter,Bainite,1,306,72_A_Bainite_01,D:\AI_Materials_Microscopy\data\raw\Dataset\A_Bainite_1\72_A_Bainite_01.png,A_Bainite_1\72_A_Bainite_01.png,72_A_Bainite_01.png,72_A_Bainite_01,A_Bainite_1,4499ff55107b033b1cd559bd59b302de
72_A_Bainite_02,72,A,50x,256,2,1,high,high,standard,noFilter,Bainite,2,307,72_A_Bainite_02,D:\AI_Materials_Microscopy\data\raw\Dataset\A_Bainite_2\72_A_Bainite_02.png,A_Bainite_2\72_A_Bainite_02.png,72_A_Bainite_02.png,72_A_Bainite_02,A_Bainite_2,48f5c6b51126919777311d4177326093
72_A_Bainite_03,72,A,50x,256,2,1,high,high,standard,noFilter,Bainite,3,308,72_A_Bainite_03,D:\AI_Materials_Microscopy\data\raw\Dataset\A_Bainite_3\72_A_Bainite_03.png,A_Bainite_3\72_A_Bainite_03.png,72_A_Bainite_03.png,72_A_Bainite_03,A_Bainite_3,82736dc657e4020e28baf0edc0471d3d
72_A_Bainite_04,72,A,50x,256,2,1,high,high,standard,noFilter,Bainite,4,309,72_A_Bainite_04,D:\AI_Materials_Microscopy\data\raw\Dataset\A_Bainite_4\72_A_Bainite_04.png,A_Bainite_4\72_A_Bainite_04.png,72_A_Bainite_04.png,72_A_Bainite_04,A_Bainite_4,1003e2cf00b411e2ce0902b3f9d35cfb
72_A_Bainite_05,72,A,50x,256,2,1,high,high,standard,noFilter,Bainite,5,310,72_A_Bainite_05,D:\AI_Materials_Microscopy\data\raw\Dataset\A_Bainite_5\72_A_Bainite_05.png,A_Bainite_5\72_A_Bainite_05.png,72_A_Bainite_05.png,72_A_Bainite_05,A_Bainite_5,ace1107e0f550089d2c8bf0609a8b2c6
72_A_Bainite_06,72,A,50x,256,2,1,high,high,standard,noFilter,Bainite,6,311,72_A_Bainite_06,D:\AI_Materials_Microscopy\data\raw\Dataset\A_Bainite_6\72_A_Bainite_06.png,A_Bainite_6\72_A_Bainite_06.png,72_A_Bainite_06.png,72_A_Bainite_06,A_Bainite_6,98eeb503986cea1d7abc1167935253ad
72_A_Martensite_01,72,A,50x,256,2,1,high,high,standard,noFilter,Martensite,1,312,72_A_Martensite_01,D:\AI_Materials_Microscopy\data\raw\Dataset\A_Martensite_1\72_A_Martensite_01.png,A_Martensite_1\72_A_Martensite_01.png,72_A_Martensite_01.png,72_A_Martensite_01,A_Martensite_1,416a5020ec4b385b5642c5d3ea70dd43
72_A_Martensite_02,72,A,50x,256,2,1,high,high,standard,noFilter,Martensite,2,313,72_A_Martensite_02,D:\AI_Materials_Microscopy\data\raw\Dataset\A_Martensite_2\72_A_Martensite_02.png,A_Martensite_2\72_A_Martensite_02.png,72_A_Martensite_02.png,72_A_Martensite_02,A_Martensite_2,57e2e329b54ec8b83c1fc0570b5514e8
72_A_Martensite_03,72,A,50x,256,2,1,high,high,standard,noFilter,Martensite,3,314,72_A_Martensite_03,D:\AI_Materials_Microscopy\data\raw\Dataset\A_Martensite_3\72_A_Martensite_03.png,A_Martensite_3\72_A_Martensite_03.png,72_A_Martensite_03.png,72_A_Martensite_03,A_Martensite_3,0d2684af56c86660a1c70142b9437388
73_A_Bainite_01,73,A,50x,256,2,1,low,high,standard,noFilter,Bainite,1,315,73_A_Bainite_01,D:\AI_Materials_Microscopy\data\raw\Dataset\A_Bainite_1\73_A_Bainite_01.png,A_Bainite_1\73_A_Bainite_01.png,73_A_Bainite_01.png,73_A_Bainite_01,A_Bainite_1,4499ff55107b033b1cd559bd59b302de
73_A_Bainite_02,73,A,50x,256,2,1,low,high,standard,noFilter,Bainite,2,316,73_A_Bainite_02,D:\AI_Materials_Microscopy\data\raw\Dataset\A_Bainite_2\73_A_Bainite_02.png,A_Bainite_2\73_A_Bainite_02.png,73_A_Bainite_02.png,73_A_Bainite_02,A_Bainite_2,48f5c6b51126919777311d4177326093
73_A_Bainite_03,73,A,50x,256,2,1,low,high,standard,noFilter,Bainite,3,317,73_A_Bainite_03,D:\AI_Materials_Microscopy\data\raw\Dataset\A_Bainite_3\73_A_Bainite_03.png,A_Bainite_3\73_A_Bainite_03.png,73_A_Bainite_03.png,73_A_Bainite_03,A_Bainite_3,82736dc657e4020e28baf0edc0471d3d
73_A_Bainite_04,73,A,50x,256,2,1,low,high,standard,noFilter,Bainite,4,318,73_A_Bainite_04,D:\AI_Materials_Microscopy\data\raw\Dataset\A_Bainite_4\73_A_Bainite_04.png,A_Bainite_4\73_A_Bainite_04.png,73_A_Bainite_04.png,73_A_Bainite_04,A_Bainite_4,1003e2cf00b411e2ce0902b3f9d35cfb
73_A_Bainite_05,73,A,50x,256,2,1,low,high,standard,noFilter,Bainite,5,319,73_A_Bainite_05,D:\AI_Materials_Microscopy\data\raw\Dataset\A_Bainite_5\73_A_Bainite_05.png,A_Bainite_5\73_A_Bainite_05.png,73_A_Bainite_05.png,73_A_Bainite_05,A_Bainite_5,ace1107e0f550089d2c8bf0609a8b2c6
73_A_Bainite_06,73,A,50x,256,2,1,low,high,standard,noFilter,Bainite,6,320,73_A_Bainite_06,D:\AI_Materials_Microscopy\data\raw\Dataset\A_Bainite_6\73_A_Bainite_06.png,A_Bainite_6\73_A_Bainite_06.png,73_A_Bainite_06.png,73_A_Bainite_06,A_Bainite_6,98eeb503986cea1d7abc1167935253ad
73_A_Martensite_01,73,A,50x,256,2,1,low,high,standard,noFilter,Martensite,1,321,73_A_Martensite_01,D:\AI_Materials_Microscopy\data\raw\Dataset\A_Martensite_1\73_A_Martensite_01.png,A_Martensite_1\73_A_Martensite_01.png,73_A_Martensite_01.png,73_A_Martensite_01,A_Martensite_1,416a5020ec4b385b5642c5d3ea70dd43
73_A_Martensite_02,73,A,50x,256,2,1,low,high,standard,noFilter,Martensite,2,322,73_A_Martensite_02,D:\AI_Materials_Microscopy\data\raw\Dataset\A_Martensite_2\73_A_Martensite_02.png,A_Martensite_2\73_A_Martensite_02.png,73_A_Martensite_02.png,73_A_Martensite_02,A_Martensite_2,57e2e329b54ec8b83c1fc0570b5514e8
73_A_Martensite_03,73,A,50x,256,2,1,low,high,standard,noFilter,Martensite,3,323,73_A_Martensite_03,D:\AI_Materials_Microscopy\data\raw\Dataset\A_Martensite_3\73_A_Martensite_03.png,A_Martensite_3\73_A_Martensite_03.png,73_A_Martensite_03.png,73_A_Martensite_03,A_Martensite_3,0d2684af56c86660a1c70142b9437388
146_C_Martensite_01,146,C,50x,256,2,1,high,medium,DIC,noFilter,Martensite,1,1030,146_C_Martensite_01,D:\AI_Materials_Microscopy\data\raw\Dataset\C_Martensite_1\146_C_Martensite_01.png,C_Martensite_1\146_C_Martensite_01.png,146_C_Martensite_01.png,146_C_Martensite_01,C_Martensite_1,58fe50501c117a9580285b1ed6da4e18
146_C_Martensite_02,146,C,50x,256,2,1,high,medium,DIC,noFilter,Martensite,2,1031,146_C_Martensite_02,D:\AI_Materials_Microscopy\data\raw\Dataset\C_Martensite_2\146_C_Martensite_02.png,C_Martensite_2\146_C_Martensite_02.png,146_C_Martensite_02.png,146_C_Martensite_02,C_Martensite_2,f300d4ec0646ba018d845cde9fb8d6f3
146_C_Martensite_03,146,C,50x,256,2,1,high,medium,DIC,noFilter,Martensite,3,1032,146_C_Martensite_03,D:\AI_Materials_Microscopy\data\raw\Dataset\C_Martensite_3\146_C_Martensite_03.png,C_Martensite_3\146_C_Martensite_03.png,146_C_Martensite_03.png,146_C_Martensite_03,C_Martensite_3,c8b02f95602ad5c711326bc4596f7caa
146_C_Martensite_04,146,C,50x,256,2,1,high,medium,DIC,noFilter,Martensite,4,1033,146_C_Martensite_04,D:\AI_Materials_Microscopy\data\raw\Dataset\C_Martensite_4\146_C_Martensite_04.png,C_Martensite_4\146_C_Martensite_04.png,146_C_Martensite_04.png,146_C_Martensite_04,C_Martensite_4,b8e8767c36f768bb9113130f6f8b11d1
146_C_Martensite_05,146,C,50x,256,2,1,high,medium,DIC,noFilter,Martensite,5,1034,146_C_Martensite_05,D:\AI_Materials_Microscopy\data\raw\Dataset\C_Martensite_5\146_C_Martensite_05.png,C_Martensite_5\146_C_Martensite_05.png,146_C_Martensite_05.png,146_C_Martensite_05,C_Martensite_5,e6cfef893ea499daf87852004c34b245
146_C_Martensite_06,146,C,50x,256,2,1,high,medium,DIC,noFilter,Martensite,6,1035,146_C_Martensite_06,D:\AI_Materials_Microscopy\data\raw\Dataset\C_Martensite_6\146_C_Martensite_06.png,C_Martensite_6\146_C_Martensite_06.png,146_C_Martensite_06.png,146_C_Martensite_06,C_Martensite_6,2c262c49147c11cd9adef04675dc94bd
146_C_Martensite_07,146,C,50x,256,2,1,high,medium,DIC,noFilter,Martensite,7,1036,146_C_Martensite_07,D:\AI_Materials_Microscopy\data\raw\Dataset\C_Martensite_7\146_C_Martensite_07.png,C_Martensite_7\146_C_Martensite_07.png,146_C_Martensite_07.png,146_C_Martensite_07,C_Martensite_7,c5982dd59e67ca8636bd626ac82fe0e2
146_C_Martensite_08,146,C,50x,256,2,1,high,medium,DIC,noFilter,Martensite,8,1037,146_C_Martensite_08,D:\AI_Materials_Microscopy\data\raw\Dataset\C_Martensite_8\146_C_Martensite_08.png,C_Martensite_8\146_C_Martensite_08.png,146_C_Martensite_08.png,146_C_Martensite_08,C_Martensite_8,bb10ac9adbdd2a9864c6762c14e4209a
146_C_Martensite_09,146,C,50x,256,2,1,high,medium,DIC,noFilter,Martensite,9,1038,146_C_Martensite_09,D:\AI_Materials_Microscopy\data\raw\Dataset\C_Martensite_9\146_C_Martensite_09.png,C_Martensite_9\146_C_Martensite_09.png,146_C_Martensite_09.png,146_C_Martensite_09,C_Martensite_9,661be6f200599711d90e8c2fc6e748f9
146_C_Martensite_10,146,C,50x,256,2,1,high,medium,DIC,noFilter,Martensite,10,1039,146_C_Martensite_10,D:\AI_Materials_Microscopy\data\raw\Dataset\C_Martensite_10\146_C_Martensite_10.png,C_Martensite_10\146_C_Martensite_10.png,146_C_Martensite_10.png,146_C_Martensite_10,C_Martensite_10,aaacc2bf3edd702525ef03bd2de673e8
146_C_Martensite_11,146,C,50x,256,2,1,high,medium,DIC,noFilter,Martensite,11,1040,146_C_Martensite_11,D:\AI_Materials_Microscopy\data\raw\Dataset\C_Martensite_11\146_C_Martensite_11.png,C_Martensite_11\146_C_Martensite_11.png,146_C_Martensite_11.png,146_C_Martensite_11,C_Martensite_11,69dd0051553d4ed902f6aa593d749ee4
146_C_Martensite_12,146,C,50x,256,2,1,high,medium,DIC,noFilter,Martensite,12,1041,146_C_Martensite_12,D:\AI_Materials_Microscopy\data\raw\Dataset\C_Martensite_12\146_C_Martensite_12.png,C_Martensite_12\146_C_Martensite_12.png,146_C_Martensite_12.png,146_C_Martensite_12,C_Martensite_12,826021eed59dcd38acb6d38656c691bb
147_C_Martensite_01,147,C,50x,256,2,1,low,medium,DIC,noFilter,Martensite,1,1042,147_C_Martensite_01,D:\AI_Materials_Microscopy\data\raw\Dataset\C_Martensite_1\147_C_Martensite_01.png,C_Martensite_1\147_C_Martensite_01.png,147_C_Martensite_01.png,147_C_Martensite_01,C_Martensite_1,58fe50501c117a9580285b1ed6da4e18
147_C_Martensite_02,147,C,50x,256,2,1,low,medium,DIC,noFilter,Martensite,2,1043,147_C_Martensite_02,D:\AI_Materials_Microscopy\data\raw\Dataset\C_Martensite_2\147_C_Martensite_02.png,C_Martensite_2\147_C_Martensite_02.png,147_C_Martensite_02.png,147_C_Martensite_02,C_Martensite_2,f300d4ec0646ba018d845cde9fb8d6f3
147_C_Martensite_03,147,C,50x,256,2,1,low,medium,DIC,noFilter,Martensite,3,1044,147_C_Martensite_03,D:\AI_Materials_Microscopy\data\raw\Dataset\C_Martensite_3\147_C_Martensite_03.png,C_Martensite_3\147_C_Martensite_03.png,147_C_Martensite_03.png,147_C_Martensite_03,C_Martensite_3,c8b02f95602ad5c711326bc4596f7caa
147_C_Martensite_04,147,C,50x,256,2,1,low,medium,DIC,noFilter,Martensite,4,1045,147_C_Martensite_04,D:\AI_Materials_Microscopy\data\raw\Dataset\C_Martensite_4\147_C_Martensite_04.png,C_Martensite_4\147_C_Martensite_04.png,147_C_Martensite_04.png,147_C_Martensite_04,C_Martensite_4,b8e8767c36f768bb9113130f6f8b11d1
147_C_Martensite_05,147,C,50x,256,2,1,low,medium,DIC,noFilter,Martensite,5,1046,147_C_Martensite_05,D:\AI_Materials_Microscopy\data\raw\Dataset\C_Martensite_5\147_C_Martensite_05.png,C_Martensite_5\147_C_Martensite_05.png,147_C_Martensite_05.png,147_C_Martensite_05,C_Martensite_5,e6cfef893ea499daf87852004c34b245
147_C_Martensite_06,147,C,50x,256,2,1,low,medium,DIC,noFilter,Martensite,6,1047,147_C_Martensite_06,D:\AI_Materials_Microscopy\data\raw\Dataset\C_Martensite_6\147_C_Martensite_06.png,C_Martensite_6\147_C_Martensite_06.png,147_C_Martensite_06.png,147_C_Martensite_06,C_Martensite_6,2c262c49147c11cd9adef04675dc94bd
147_C_Martensite_07,147,C,50x,256,2,1,low,medium,DIC,noFilter,Martensite,7,1048,147_C_Martensite_07,D:\AI_Materials_Microscopy\data\raw\Dataset\C_Martensite_7\147_C_Martensite_07.png,C_Martensite_7\147_C_Martensite_07.png,147_C_Martensite_07.png,147_C_Martensite_07,C_Martensite_7,c5982dd59e67ca8636bd626ac82fe0e2
147_C_Martensite_08,147,C,50x,256,2,1,low,medium,DIC,noFilter,Martensite,8,1049,147_C_Martensite_08,D:\AI_Materials_Microscopy\data\raw\Dataset\C_Martensite_8\147_C_Martensite_08.png,C_Martensite_8\147_C_Martensite_08.png,147_C_Martensite_08.png,147_C_Martensite_08,C_Martensite_8,bb10ac9adbdd2a9864c6762c14e4209a
147_C_Martensite_09,147,C,50x,256,2,1,low,medium,DIC,noFilter,Martensite,9,1050,147_C_Martensite_09,D:\AI_Materials_Microscopy\data\raw\Dataset\C_Martensite_9\147_C_Martensite_09.png,C_Martensite_9\147_C_Martensite_09.png,147_C_Martensite_09.png,147_C_Martensite_09,C_Martensite_9,661be6f200599711d90e8c2fc6e748f9
147_C_Martensite_10,147,C,50x,256,2,1,low,medium,DIC,noFilter,Martensite,10,1051,147_C_Martensite_10,D:\AI_Materials_Microscopy\data\raw\Dataset\C_Martensite_10\147_C_Martensite_10.png,C_Martensite_10\147_C_Martensite_10.png,147_C_Martensite_10.png,147_C_Martensite_10,C_Martensite_10,aaacc2bf3edd702525ef03bd2de673e8
147_C_Martensite_11,147,C,50x,256,2,1,low,medium,DIC,noFilter,Martensite,11,1052,147_C_Martensite_11,D:\AI_Materials_Microscopy\data\raw\Dataset\C_Martensite_11\147_C_Martensite_11.png,C_Martensite_11\147_C_Martensite_11.png,147_C_Martensite_11.png,147_C_Martensite_11,C_Martensite_11,69dd0051553d4ed902f6aa593d749ee4
147_C_Martensite_12,147,C,50x,256,2,1,low,medium,DIC,noFilter,Martensite,12,1053,147_C_Martensite_12,D:\AI_Materials_Microscopy\data\raw\Dataset\C_Martensite_12\147_C_Martensite_12.png,C_Martensite_12\147_C_Martensite_12.png,147_C_Martensite_12.png,147_C_Martensite_12,C_Martensite_12,826021eed59dcd38acb6d38656c691bb
328_E_Martensite_01,328,E,20x,96,2,0,high,medium,standard,noFilter,Martensite,1,1846,328_E_Martensite_01,D:\AI_Materials_Microscopy\data\raw\Dataset\E_Martensite_1\328_E_Martensite_01.png,E_Martensite_1\328_E_Martensite_01.png,328_E_Martensite_01.png,328_E_Martensite_01,E_Martensite_1,8eb9d1b8697ddb216a9a5245a89e2d29
328_E_Martensite_02,328,E,20x,96,2,0,high,medium,standard,noFilter,Martensite,2,1847,328_E_Martensite_02,D:\AI_Materials_Microscopy\data\raw\Dataset\E_Martensite_2\328_E_Martensite_02.png,E_Martensite_2\328_E_Martensite_02.png,328_E_Martensite_02.png,328_E_Martensite_02,E_Martensite_2,152235f7c421bfebe98c660353c4a758
328_E_Martensite_03,328,E,20x,96,2,0,high,medium,standard,noFilter,Martensite,3,1848,328_E_Martensite_03,D:\AI_Materials_Microscopy\data\raw\Dataset\E_Martensite_3\328_E_Martensite_03.png,E_Martensite_3\328_E_Martensite_03.png,328_E_Martensite_03.png,328_E_Martensite_03,E_Martensite_3,67adb6eaa6b6f265e0b925bf0385e718
328_E_Martensite_04,328,E,20x,96,2,0,high,medium,standard,noFilter,Martensite,4,1849,328_E_Martensite_04,D:\AI_Materials_Microscopy\data\raw\Dataset\E_Martensite_4\328_E_Martensite_04.png,E_Martensite_4\328_E_Martensite_04.png,328_E_Martensite_04.png,328_E_Martensite_04,E_Martensite_4,0db71fb5af715780f7577425fd58951d
328_E_Martensite_05,328,E,20x,96,2,0,high,medium,standard,noFilter,Martensite,5,1850,328_E_Martensite_05,D:\AI_Materials_Microscopy\data\raw\Dataset\E_Martensite_5\328_E_Martensite_05.png,E_Martensite_5\328_E_Martensite_05.png,328_E_Martensite_05.png,328_E_Martensite_05,E_Martensite_5,91759c5ef11abd1b7a8dcfa42c57fdf3
328_E_Martensite_06,328,E,20x,96,2,0,high,medium,standard,noFilter,Martensite,6,1851,328_E_Martensite_06,D:\AI_Materials_Microscopy\data\raw\Dataset\E_Martensite_6\328_E_Martensite_06.png,E_Martensite_6\328_E_Martensite_06.png,328_E_Martensite_06.png,328_E_Martensite_06,E_Martensite_6,4f11c5bac580cf2d8f16e10f07d1c8c3
328_E_Martensite_07,328,E,20x,96,2,0,high,medium,standard,noFilter,Martensite,7,1852,328_E_Martensite_07,D:\AI_Materials_Microscopy\data\raw\Dataset\E_Martensite_7\328_E_Martensite_07.png,E_Martensite_7\328_E_Martensite_07.png,328_E_Martensite_07.png,328_E_Martensite_07,E_Martensite_7,f9d7d4d088ccbb623bc44df499ee4e83
328_E_Martensite_08,328,E,20x,96,2,0,high,medium,standard,noFilter,Martensite,8,1853,328_E_Martensite_08,D:\AI_Materials_Microscopy\data\raw\Dataset\E_Martensite_8\328_E_Martensite_08.png,E_Martensite_8\328_E_Martensite_08.png,328_E_Martensite_08.png,328_E_Martensite_08,E_Martensite_8,a5210a47d253af18558cc73befb15c6f
328_E_Martensite_09,328,E,20x,96,2,0,high,medium,standard,noFilter,Martensite,9,1854,328_E_Martensite_09,D:\AI_Materials_Microscopy\data\raw\Dataset\E_Martensite_9\328_E_Martensite_09.png,E_Martensite_9\328_E_Martensite_09.png,328_E_Martensite_09.png,328_E_Martensite_09,E_Martensite_9,45eee139914c3f2c28676b962b64a259
328_E_Martensite_10,328,E,20x,96,2,0,high,medium,standard,noFilter,Martensite,10,1855,328_E_Martensite_10,D:\AI_Materials_Microscopy\data\raw\Dataset\E_Martensite_10\328_E_Martensite_10.png,E_Martensite_10\328_E_Martensite_10.png,328_E_Martensite_10.png,328_E_Martensite_10,E_Martensite_10,67db922ce94d66a7909ebcee2133e535
328_E_Martensite_11,328,E,20x,96,2,0,high,medium,standard,noFilter,Martensite,11,1856,328_E_Martensite_11,D:\AI_Materials_Microscopy\data\raw\Dataset\E_Martensite_11\328_E_Martensite_11.png,E_Martensite_11\328_E_Martensite_11.png,328_E_Martensite_11.png,328_E_Martensite_11,E_Martensite_11,f67b84b7305003e00963f398d0c6f2fa
328_E_Martensite_12,328,E,20x,96,2,0,high,medium,standard,noFilter,Martensite,12,1857,328_E_Martensite_12,D:\AI_Materials_Microscopy\data\raw\Dataset\E_Martensite_12\328_E_Martensite_12.png,E_Martensite_12\328_E_Martensite_12.png,328_E_Martensite_12.png,328_E_Martensite_12,E_Martensite_12,8ad48f3ed63972d1253d7392457cf95f
331_E_Martensite_01,331,E,20x,96,2,0,low,low,standard,noFilter,Martensite,1,1882,331_E_Martensite_01,D:\AI_Materials_Microscopy\data\raw\Dataset\E_Martensite_1\331_E_Martensite_01.png,E_Martensite_1\331_E_Martensite_01.png,331_E_Martensite_01.png,331_E_Martensite_01,E_Martensite_1,8eb9d1b8697ddb216a9a5245a89e2d29
331_E_Martensite_02,331,E,20x,96,2,0,low,low,standard,noFilter,Martensite,2,1883,331_E_Martensite_02,D:\AI_Materials_Microscopy\data\raw\Dataset\E_Martensite_2\331_E_Martensite_02.png,E_Martensite_2\331_E_Martensite_02.png,331_E_Martensite_02.png,331_E_Martensite_02,E_Martensite_2,152235f7c421bfebe98c660353c4a758
331_E_Martensite_03,331,E,20x,96,2,0,low,low,standard,noFilter,Martensite,3,1884,331_E_Martensite_03,D:\AI_Materials_Microscopy\data\raw\Dataset\E_Martensite_3\331_E_Martensite_03.png,E_Martensite_3\331_E_Martensite_03.png,331_E_Martensite_03.png,331_E_Martensite_03,E_Martensite_3,67adb6eaa6b6f265e0b925bf0385e718
331_E_Martensite_04,331,E,20x,96,2,0,low,low,standard,noFilter,Martensite,4,1885,331_E_Martensite_04,D:\AI_Materials_Microscopy\data\raw\Dataset\E_Martensite_4\331_E_Martensite_04.png,E_Martensite_4\331_E_Martensite_04.png,331_E_Martensite_04.png,331_E_Martensite_04,E_Martensite_4,0db71fb5af715780f7577425fd58951d
331_E_Martensite_05,331,E,20x,96,2,0,low,low,standard,noFilter,Martensite,5,1886,331_E_Martensite_05,D:\AI_Materials_Microscopy\data\raw\Dataset\E_Martensite_5\331_E_Martensite_05.png,E_Martensite_5\331_E_Martensite_05.png,331_E_Martensite_05.png,331_E_Martensite_05,E_Martensite_5,91759c5ef11abd1b7a8dcfa42c57fdf3
331_E_Martensite_06,331,E,20x,96,2,0,low,low,standard,noFilter,Martensite,6,1887,331_E_Martensite_06,D:\AI_Materials_Microscopy\data\raw\Dataset\E_Martensite_6\331_E_Martensite_06.png,E_Martensite_6\331_E_Martensite_06.png,331_E_Martensite_06.png,331_E_Martensite_06,E_Martensite_6,4f11c5bac580cf2d8f16e10f07d1c8c3
331_E_Martensite_07,331,E,20x,96,2,0,low,low,standard,noFilter,Martensite,7,1888,331_E_Martensite_07,D:\AI_Materials_Microscopy\data\raw\Dataset\E_Martensite_7\331_E_Martensite_07.png,E_Martensite_7\331_E_Martensite_07.png,331_E_Martensite_07.png,331_E_Martensite_07,E_Martensite_7,f9d7d4d088ccbb623bc44df499ee4e83
331_E_Martensite_08,331,E,20x,96,2,0,low,low,standard,noFilter,Martensite,8,1889,331_E_Martensite_08,D:\AI_Materials_Microscopy\data\raw\Dataset\E_Martensite_8\331_E_Martensite_08.png,E_Martensite_8\331_E_Martensite_08.png,331_E_Martensite_08.png,331_E_Martensite_08,E_Martensite_8,a5210a47d253af18558cc73befb15c6f
331_E_Martensite_09,331,E,20x,96,2,0,low,low,standard,noFilter,Martensite,9,1890,331_E_Martensite_09,D:\AI_Materials_Microscopy\data\raw\Dataset\E_Martensite_9\331_E_Martensite_09.png,E_Martensite_9\331_E_Martensite_09.png,331_E_Martensite_09.png,331_E_Martensite_09,E_Martensite_9,45eee139914c3f2c28676b962b64a259
331_E_Martensite_10,331,E,20x,96,2,0,low,low,standard,noFilter,Martensite,10,1891,331_E_Martensite_10,D:\AI_Materials_Microscopy\data\raw\Dataset\E_Martensite_10\331_E_Martensite_10.png,E_Martensite_10\331_E_Martensite_10.png,331_E_Martensite_10.png,331_E_Martensite_10,E_Martensite_10,67db922ce94d66a7909ebcee2133e535
331_E_Martensite_11,331,E,20x,96,2,0,low,low,standard,noFilter,Martensite,11,1892,331_E_Martensite_11,D:\AI_Materials_Microscopy\data\raw\Dataset\E_Martensite_11\331_E_Martensite_11.png,E_Martensite_11\331_E_Martensite_11.png,331_E_Martensite_11.png,331_E_Martensite_11,E_Martensite_11,f67b84b7305003e00963f398d0c6f2fa
331_E_Martensite_12,331,E,20x,96,2,0,low,low,standard,noFilter,Martensite,12,1893,331_E_Martensite_12,D:\AI_Materials_Microscopy\data\raw\Dataset\E_Martensite_12\331_E_Martensite_12.png,E_Martensite_12\331_E_Martensite_12.png,331_E_Martensite_12.png,331_E_Martensite_12,E_Martensite_12,8ad48f3ed63972d1253d7392457cf95f
