repeat,seed,split,n_images,n_samples,bainite,martensite,samples
1,11,train,3944,14,1805,2139,"A, B, C, D, E, G, H, I, J, K, M, Q, S, T"
1,11,val,722,3,342,380,"F, L, O"
1,11,test,627,3,323,304,"N, P, R"
2,29,train,3963,14,1862,2101,"A, B, C, D, E, G, H, I, J, K, Q, R, S, T"
2,29,val,608,3,266,342,"M, N, P"
2,29,test,722,3,342,380,"F, L, O"
3,47,train,3763,14,1735,2028,"C, D, E, F, H, J, L, N, O, P, Q, R, S, T"
3,47,val,760,3,342,418,"B, G, K"
3,47,test,770,3,393,377,"A, I, M"
4,71,train,3801,14,1811,1990,"C, D, E, G, H, I, J, L, M, O, Q, R, S, T"
4,71,val,770,3,317,453,"A, F, N"
4,71,test,722,3,342,380,"B, K, P"
5,101,train,3918,14,1817,2101,"A, C, D, E, G, I, J, K, L, M, O, P, Q, T"
5,101,val,627,3,323,304,"H, N, R"
5,101,test,748,3,330,418,"B, F, S"
