repeat,seed,method,test_samples,accuracy,balanced_accuracy,precision_macro,recall_macro,f1_macro,roc_auc,loss,best_val_epoch,runtime_min
1,11,ResNet18,N|P|R,0.7926634768740032,0.7946013931888545,0.7979390681003584,0.7946013931888545,0.7923333265393474,0.8696737005051329,0.5034001528076008,8,43.71331310669581
1,11,Swin-T,N|P|R,0.8245614035087719,0.8260448916408669,0.8277471796236768,0.8260448916408669,0.8244609370227842,0.9202990060290044,0.3807755421841163,7,83.14784596761068
1,11,Swin-T + AcquisitionAug,N|P|R,0.7799043062200957,0.7824109907120743,0.7884987515605493,0.7824109907120743,0.7791351848070247,0.9014379990223236,0.4287567050738388,7,89.21290822823842
2,29,ResNet18,F|L|O,0.7853185595567868,0.7783625730994153,0.8037830121341899,0.7783625730994153,0.7786848449251373,0.854093567251462,0.6060390355596912,6,32.265415894985196
2,29,Swin-T,F|L|O,0.7520775623268698,0.7416666666666667,0.7929292929292929,0.7416666666666667,0.7373440939104916,0.8528931979070484,0.5936716541524079,3,45.623151202996574
2,29,Swin-T + AcquisitionAug,F|L|O,0.775623268698061,0.7706140350877193,0.7834381044487427,0.7706140350877193,0.7714118198874297,0.8448291782086796,0.5265003565977485,3,46.58519839843114
3,47,ResNet18,A|I|M,0.6454545454545455,0.6458143506050851,0.6458704693998811,0.6458143506050851,0.6454491635056021,0.6965868210932702,1.0241338295595988,8,38.35589592854182
3,47,Swin-T,A|I|M,0.6506493506493507,0.6517673341837595,0.6532746210055622,0.6517673341837595,0.6500821875227007,0.6780799265663704,0.8447267279609457,2,47.22166376511256
3,47,Swin-T + AcquisitionAug,A|I|M,0.6623376623376623,0.6626237673881791,0.6626237673881791,0.6626237673881791,0.6623376623376623,0.6864559499463421,0.9902461930915907,4,55.74742825826009
4,71,ResNet18,B|K|P,0.7742382271468145,0.7713450292397661,0.7758858090611089,0.7713450292397661,0.772157290188433,0.8597029855340104,0.5580818618433627,10,46.38881326516469
4,71,Swin-T,B|K|P,0.8240997229916898,0.8236842105263158,0.8235920828942207,0.8236842105263158,0.823636555975496,0.9084333641120345,0.47224179702782565,13,103.2875949382782
4,71,Swin-T + AcquisitionAug,B|K|P,0.8185595567867036,0.8214912280701754,0.8225410500474768,0.8214912280701754,0.8185313591825066,0.9079409048938134,0.46996962586598384,11,107.37969661951065
5,101,ResNet18,B|F|S,0.8155080213903744,0.8103668261562998,0.8141565646188618,0.8103668261562998,0.811871227364185,0.8850877192982456,0.4607608351796706,13,46.900521127382916
5,101,Swin-T,B|F|S,0.8516042780748663,0.8477671451355662,0.8505345229483161,0.8477671451355662,0.8489584375562804,0.9218392054516457,0.38569753166826015,12,104.38587770462036
5,101,Swin-T + AcquisitionAug,B|F|S,0.8248663101604278,0.8168261562998405,0.8270325887679126,0.8168261562998405,0.8199990815154994,0.904791938523996,0.3890729224618106,6,72.80313911040624
