epoch,stage,lr,train_accuracy,train_balanced_accuracy,train_precision_macro,train_recall_macro,train_f1_macro,train_roc_auc,train_loss,val_accuracy,val_balanced_accuracy,val_precision_macro,val_recall_macro,val_f1_macro,val_roc_auc,val_loss
1,head,0.001,0.7958541065337181,0.7766202928325256,0.7934327991963042,0.7766202928325256,0.7822367605419466,0.8700270089363678,0.4495809021442776,0.7257617728531855,0.7157894736842105,0.7565876152832675,0.7157894736842105,0.7108424961770916,0.8207448445675594,0.5813317752941163
2,head,0.001,0.8304906848596169,0.8192084555690897,0.8262721152294934,0.8192084555690897,0.8221987359595193,0.906845202353789,0.3816427162933212,0.7617728531855956,0.7542397660818714,0.7810756090921465,0.7542397660818714,0.753534712023181,0.8278547245306248,0.544647147058615
3,head,0.001,0.8399370244030439,0.829097146934832,0.8357930576665621,0.829097146934832,0.8319868926200884,0.9172292102283564,0.3599084703292286,0.7105263157894737,0.6973684210526315,0.7700653842509239,0.6973684210526315,0.6846008339690868,0.8331332717759311,0.6707131327684567
4,head,0.001,0.8611912883757544,0.855586131840796,0.85857833914848,0.855586131840796,0.8569528186450593,0.9329169493441882,0.3292069845947497,0.7160664819944599,0.704093567251462,0.7632994828116779,0.704093567251462,0.6947007341126189,0.8361649738381041,0.6533642419074711
5,fine_tune,2e-05,0.8472841773812647,0.8404617858892575,0.8436158570822877,0.8404617858892575,0.8419045509209444,0.9290432237360127,0.3354152208787974,0.7686980609418282,0.7616959064327485,0.7855943233824578,0.7616959064327485,0.7615507684032125,0.8516235764850723,0.5525341361884926
6,fine_tune,2e-05,0.8701128312778799,0.8629300816763118,0.8653708913943019,0.8629300816763118,0.8640940391485418,0.9461845707713925,0.29032081727264,0.7700831024930748,0.7602339181286549,0.8094349290001464,0.7602339181286549,0.7575750220474606,0.8817636195752538,0.5962136851577218
7,fine_tune,2e-05,0.9023878247179218,0.8985990461954587,0.8993939108653852,0.8985990461954587,0.8989896773237421,0.9666621111822907,0.23290945008412742,0.7936288088642659,0.7868421052631579,0.8119367390485754,0.7868421052631579,0.7874603629323034,0.8749538319482918,0.587932384204006
8,fine_tune,2e-05,0.8989766465494621,0.8940706208246375,0.8958477960661366,0.8940706208246375,0.8949289458907721,0.9652249143848832,0.23481801559850946,0.7922437673130194,0.7843567251461989,0.8181387741046833,0.7843567251461989,0.784366040140172,0.8826715912588489,0.5892660704923799
9,fine_tune,2e-05,0.911571765940698,0.9082685283107743,0.9096919815905924,0.9082685283107743,0.9089557544959187,0.9738864443895912,0.2059988566182849,0.7867036011080333,0.7792397660818713,0.808714441268545,0.7792397660818713,0.7793275909974993,0.8783625730994151,0.6652138425124979
10,fine_tune,1e-05,0.9147205457885069,0.9114041612199313,0.9113167852624469,0.9114041612199313,0.9113604033791362,0.9770449807295791,0.19158961244242237,0.7728531855955678,0.7634502923976608,0.8084504504504504,0.7634502923976608,0.761428110896196,0.8810095413973531,0.7363694283357948
11,fine_tune,1e-05,0.9207557071634741,0.9175407319764002,0.9180585294176502,0.9175407319764002,0.9177971103761791,0.9776368144430917,0.18826295889042097,0.7922437673130194,0.7834795321637427,0.8255655708731,0.7834795321637427,0.7828719445691923,0.8907279162819328,0.6532763717825063
