filename,mean_intensity,std_intensity,min_intensity,max_intensity
118_C_Martensite_10.png,167.67307,18.666685,61.0,219.0
648_O_Bainite_04.png,145.63542,23.176888,72.0,229.0
553_K_Bainite_11.png,180.04991,22.379114,77.0,243.0
562_K_Bainite_10.png,183.02167,17.17638,91.0,227.0
246_D_Bainite_04.png,162.51035,25.723326,62.0,203.0
648_O_Bainite_03.png,139.15224,19.273523,55.0,233.0
855_S_Bainite_02.png,124.48709,19.671495,54.0,199.0
72_A_Bainite_01.png,78.04646,12.764424,26.0,107.0
264_D_Bainite_02.png,64.69401,25.42246,20.0,133.0
683_P_Martensite_09.png,158.54987,19.405663,75.0,208.0
447_I_Martensite_03.png,152.71364,13.446238,109.0,185.0
858_S_Bainite_12.png,118.375,13.439212,69.0,141.0
758_Q_Martensite_06.png,126.13263,20.059416,44.0,184.0
87_B_Martensite_03.png,143.43576,23.729633,64.0,222.0
428_H_Martensite_10.png,157.14886,14.915935,100.0,190.0
520_J_Martensite_11.png,92.30675,27.513668,21.0,162.0
421_H_Martensite_10.png,117.163956,11.047371,77.0,145.0
646_O_Martensite_01.png,93.43576,18.58241,31.0,146.0
125_C_Martensite_04.png,131.30632,36.048862,45.0,226.0
444_I_Martensite_05.png,103.10384,34.569706,25.0,199.0
38_A_Bainite_04.png,104.34744,19.283401,50.0,161.0
149_C_Martensite_02.png,82.41914,17.361666,25.0,130.0
653_O_Martensite_08.png,75.790474,20.576654,27.0,136.0
559_K_Bainite_08.png,134.6657,20.900747,68.0,179.0
126_C_Martensite_11.png,98.08865,20.751053,42.0,155.0
137_C_Martensite_08.png,134.71722,15.129778,35.0,168.0
640_N_Bainite_02.png,144.8964,33.21036,50.0,219.0
625_M_Bainite_04.png,154.6151,24.874718,54.0,206.0
578_L_Bainite_07.png,99.1352,19.85905,34.0,153.0
870_S_Bainite_07.png,108.38422,21.101324,33.0,157.0
878_T_Bainite_06.png,134.15375,38.908516,26.0,246.0
668_P_Martensite_05.png,125.8826,8.8032055,83.0,145.0
871_S_Bainite_09.png,163.55678,18.528835,73.0,206.0
642_N_Bainite_01.png,98.76291,15.825471,38.0,151.0
254_D_Bainite_07.png,141.63672,18.388332,45.0,177.0
409_G_Martensite_02.png,158.81728,7.203111,86.0,173.0
392_F_Martensite_04.png,128.20709,11.295968,63.0,153.0
259_D_Bainite_08.png,114.40853,26.045328,42.0,149.0
438_I_Martensite_10.png,144.1761,20.7652,96.0,189.0
416_G_Martensite_07.png,81.24985,15.063459,26.0,114.0
629_N_Bainite_05.png,147.38672,18.381365,82.0,228.0
90_B_Martensite_05.png,164.13347,28.164375,45.0,225.0
664_O_Bainite_02.png,165.73965,18.885984,70.0,205.0
413_G_Martensite_01.png,119.475876,23.035837,37.0,176.0
567_K_Bainite_12.png,152.33609,24.316168,58.0,202.0
867_S_Bainite_07.png,156.0051,10.738904,102.0,174.0
398_F_Martensite_04.png,155.35617,29.84065,31.0,226.0
143_C_Martensite_12.png,151.55174,30.376307,64.0,231.0
405_G_Martensite_03.png,106.21875,20.622108,28.0,151.0
885_T_Bainite_03.png,182.66508,15.628209,74.0,231.0
230_D_Bainite_04.png,172.0612,24.072763,83.0,253.0
255_D_Bainite_06.png,102.48687,20.50452,32.0,143.0
527_J_Martensite_12.png,110.769394,30.952637,33.0,181.0
145_C_Martensite_11.png,141.07486,30.797836,48.0,214.0
405_G_Martensite_10.png,122.882484,14.876392,56.0,156.0
592_M_Bainite_01.png,124.677086,10.992763,78.0,145.0
615_M_Bainite_07.png,121.79291,12.630655,40.0,158.0
426_H_Martensite_01.png,104.34375,12.293268,37.0,131.0
843_R_Bainite_11.png,126.46463,19.105951,57.0,169.0
572_L_Bainite_10.png,138.4835,32.65175,51.0,221.0
428_H_Martensite_05.png,160.37523,16.877943,100.0,194.0
264_D_Bainite_07.png,93.16417,27.841969,21.0,148.0
633_N_Bainite_01.png,107.7933,15.766708,37.0,157.0
437_I_Martensite_04.png,100.81901,23.039675,30.0,165.0
610_M_Bainite_02.png,115.94212,9.807513,57.0,142.0
387_F_Martensite_05.png,93.1811,29.051886,35.0,171.0
841_R_Bainite_06.png,163.73047,28.693193,51.0,218.0
112_B_Martensite_05.png,164.11108,22.342888,58.0,208.0
551_K_Bainite_08.png,84.81033,12.713466,42.0,122.0
645_N_Martensite_06.png,138.04263,34.323853,43.0,231.0
75_A_Bainite_03.png,155.43132,24.505102,61.0,207.0
266_D_Bainite_02.png,181.87282,12.92214,77.0,197.0
876_T_Bainite_07.png,172.07509,19.540468,85.0,248.0
250_D_Bainite_03.png,147.33604,12.015417,79.0,164.0
854_R_Bainite_06.png,148.35168,35.422504,30.0,204.0
880_T_Bainite_04.png,124.86925,12.388862,76.0,163.0
251_D_Bainite_07.png,165.70941,33.353878,36.0,228.0
645_N_Martensite_05.png,150.9192,28.208546,66.0,226.0
651_O_Bainite_04.png,105.636505,25.824738,41.0,172.0
577_L_Bainite_01.png,114.52051,24.76767,34.0,178.0
407_G_Martensite_09.png,93.13509,16.386297,30.0,136.0
530_J_Martensite_10.png,108.95125,24.123999,34.0,166.0
264_D_Bainite_06.png,68.489586,28.09865,18.0,140.0
836_R_Bainite_12.png,99.48242,19.459139,28.0,150.0
115_C_Martensite_02.png,178.21344,7.1009984,137.0,191.0
669_P_Martensite_05.png,148.99435,25.863981,61.0,225.0
248_D_Bainite_10.png,168.04785,17.434158,78.0,193.0
408_G_Martensite_05.png,110.06853,9.975135,65.0,140.0
583_L_Bainite_01.png,135.8724,39.967148,31.0,200.0
577_L_Bainite_14.png,132.58517,27.496538,38.0,183.0
680_P_Martensite_07.png,99.05266,15.437769,34.0,139.0
669_P_Martensite_03.png,163.75066,22.879091,59.0,226.0
879_T_Bainite_05.png,164.94911,13.357771,106.0,204.0
562_K_Bainite_03.png,171.57951,20.481688,90.0,221.0
331_E_Martensite_10.png,143.6173,17.757124,52.0,194.0
93_B_Martensite_05.png,89.636284,18.231205,21.0,142.0
427_H_Martensite_07.png,107.85449,17.451069,42.0,156.0
836_R_Bainite_09.png,100.537,14.796416,41.0,142.0
415_G_Martensite_10.png,155.25029,14.88488,78.0,194.0
242_D_Bainite_04.png,157.04793,24.454405,61.0,212.0
613_M_Bainite_02.png,123.99118,14.930612,46.0,173.0
884_T_Bainite_09.png,160.09204,11.120624,100.0,183.0
435_H_Martensite_07.png,126.84044,8.296561,75.0,153.0
121_C_Martensite_10.png,139.70204,10.358022,60.0,167.0
338_E_Martensite_09.png,93.533615,15.039713,37.0,140.0
448_I_Martensite_08.png,154.00645,18.60941,72.0,204.0
385_F_Martensite_07.png,132.81598,24.696833,55.0,212.0
407_G_Martensite_10.png,107.88802,14.965892,39.0,143.0
119_C_Martensite_01.png,191.79373,11.924244,79.0,222.0
282_D_Bainite_05.png,100.45775,30.691286,21.0,154.0
634_N_Bainite_04.png,120.86925,20.28255,29.0,176.0
412_G_Martensite_01.png,157.98846,19.964334,57.0,200.0
882_T_Bainite_07.png,130.0535,11.887789,67.0,166.0
403_G_Martensite_10.png,152.03516,24.477987,43.0,219.0
529_J_Martensite_08.png,139.84138,30.892563,49.0,207.0
639_N_Martensite_02.png,122.577774,6.8728375,68.0,140.0
650_O_Bainite_03.png,133.60146,25.951054,44.0,245.0
275_D_Bainite_09.png,156.21748,25.272243,55.0,185.0
149_C_Martensite_06.png,82.96944,16.148853,25.0,129.0
419_H_Martensite_04.png,144.09885,18.042114,77.0,194.0
837_R_Bainite_09.png,205.86491,15.317398,126.0,234.0
103_B_Martensite_05.png,109.8074,12.511385,40.0,144.0
852_R_Bainite_08.png,168.18243,20.657862,68.0,223.0
860_S_Bainite_11.png,155.32172,31.194216,34.0,212.0
856_S_Bainite_05.png,156.41971,20.074802,85.0,189.0
568_K_Bainite_02.png,143.02307,12.050606,61.0,182.0
578_L_Bainite_03.png,114.58149,24.96992,39.0,160.0
586_L_Bainite_02.png,164.10497,26.35739,38.0,216.0
409_G_Martensite_09.png,159.67682,6.0748014,112.0,174.0
564_K_Bainite_09.png,148.61047,39.7553,42.0,204.0
72_A_Bainite_03.png,76.8367,13.147091,25.0,104.0
592_M_Bainite_02.png,124.84603,7.330392,80.0,145.0
399_G_Martensite_05.png,106.17752,16.649593,33.0,164.0
42_A_Martensite_01.png,146.71104,35.563416,41.0,228.0
749_Q_Martensite_04.png,89.6288,22.69393,29.0,156.0
450_I_Martensite_02.png,166.77669,19.638966,43.0,201.0
860_S_Bainite_07.png,159.91472,28.866772,36.0,215.0
434_H_Martensite_01.png,174.04727,12.337833,84.0,208.0
879_T_Bainite_06.png,145.01595,24.438332,75.0,209.0
232_D_Bainite_08.png,143.3304,36.564655,43.0,214.0
556_K_Bainite_01.png,168.0114,22.274815,97.0,215.0
56_A_Bainite_03.png,115.34294,11.093947,62.0,153.0
275_D_Bainite_05.png,149.86665,24.769094,65.0,182.0
868_S_Bainite_12.png,153.0509,37.677143,38.0,204.0
868_S_Bainite_11.png,145.69585,38.30163,34.0,204.0
557_K_Bainite_12.png,139.82379,25.961931,45.0,192.0
44_A_Martensite_03.png,144.56326,16.75343,63.0,177.0
267_D_Bainite_07.png,166.8289,17.253548,90.0,226.0
229_D_Bainite_05.png,188.60449,17.913292,107.0,210.0
418_H_Martensite_02.png,106.912544,16.490269,47.0,169.0
889_T_Martensite_01.png,127.453384,17.490005,56.0,166.0
663_O_Martensite_07.png,81.83963,18.882292,31.0,132.0
656_O_Bainite_01.png,152.60474,10.437149,78.0,174.0
94_B_Martensite_05.png,121.4884,13.384729,57.0,156.0
628_N_Bainite_03.png,162.61534,9.964931,87.0,187.0
112_B_Bainite_03.png,162.44208,25.051216,47.0,207.0
654_O_Martensite_03.png,84.8801,16.269835,22.0,125.0
854_R_Bainite_08.png,146.66394,27.960878,44.0,193.0
643_N_Martensite_01.png,145.36516,15.755546,61.0,194.0
386_F_Martensite_06.png,116.39019,27.328436,46.0,176.0
65_A_Martensite_03.png,111.48181,10.101132,49.0,143.0
846_R_Bainite_06.png,179.29132,11.778798,109.0,199.0
432_H_Martensite_08.png,136.3392,11.421361,85.0,172.0
234_D_Bainite_06.png,133.64453,19.848333,58.0,166.0
98_B_Martensite_05.png,161.84015,20.337603,64.0,203.0
116_C_Martensite_09.png,155.45996,16.834375,72.0,213.0
625_M_Bainite_08.png,173.27075,23.691074,67.0,218.0
232_D_Bainite_07.png,157.06,33.059185,39.0,225.0
247_D_Bainite_04.png,88.41493,13.698899,28.0,154.0
594_M_Bainite_05.png,140.09929,16.947779,68.0,178.0
408_G_Martensite_10.png,111.57864,11.276863,46.0,144.0
650_O_Bainite_04.png,153.28429,35.1314,47.0,249.0
562_K_Bainite_07.png,177.17567,20.653072,98.0,230.0
283_D_Bainite_10.png,147.95348,35.395874,41.0,202.0
647_O_Martensite_08.png,133.45985,9.888995,91.0,160.0
575_L_Bainite_03.png,167.72527,26.594116,74.0,210.0
615_M_Bainite_08.png,131.70815,12.914389,55.0,163.0
231_D_Bainite_05.png,154.19597,14.204988,95.0,173.0
96_B_Martensite_03.png,162.63707,19.6211,77.0,216.0
382_F_Martensite_02.png,123.69748,26.096983,41.0,199.0
870_S_Bainite_09.png,121.74431,20.237135,39.0,165.0
553_K_Bainite_08.png,171.55013,25.796856,85.0,241.0
107_B_Bainite_03.png,164.24332,19.69727,55.0,202.0
579_L_Bainite_10.png,114.73096,19.09956,41.0,165.0
397_F_Martensite_05.png,91.946915,18.1031,30.0,133.0
84_B_Bainite_03.png,109.522026,20.549603,42.0,161.0
580_L_Bainite_11.png,152.91782,12.377356,74.0,174.0
454_I_Martensite_07.png,108.67244,17.549862,34.0,147.0
879_T_Martensite_02.png,161.89095,22.36858,58.0,211.0
138_C_Martensite_06.png,119.5681,12.439581,29.0,146.0
581_L_Bainite_13.png,156.54074,23.36966,64.0,216.0
413_G_Martensite_02.png,137.397,23.924057,46.0,186.0
381_F_Martensite_03.png,154.56999,17.327381,97.0,197.0
633_N_Bainite_04.png,120.70963,18.029722,20.0,166.0
751_Q_Martensite_04.png,154.82114,14.740373,96.0,188.0
871_S_Bainite_10.png,147.72777,24.194807,42.0,196.0
758_Q_Martensite_08.png,128.29271,21.89449,45.0,190.0
855_S_Bainite_11.png,123.95822,18.603434,59.0,183.0
402_G_Martensite_12.png,130.61458,6.1402607,99.0,143.0
270_D_Bainite_12.png,107.24609,25.786535,0.0,161.0
236_D_Bainite_02.png,105.65744,25.554476,28.0,147.0
838_R_Bainite_12.png,166.77344,23.458632,80.0,251.0
86_B_Martensite_01.png,158.69911,13.353958,98.0,184.0
131_C_Martensite_04.png,55.990234,26.46195,15.0,135.0
588_L_Bainite_03.png,154.10023,41.584347,36.0,204.0
611_M_Bainite_09.png,155.06189,22.77539,70.0,213.0
98_B_Martensite_02.png,165.21626,17.778631,64.0,201.0
669_P_Martensite_01.png,141.33594,30.486471,51.0,232.0
148_C_Martensite_07.png,134.03992,34.153496,38.0,208.0
412_G_Martensite_07.png,158.9477,20.156675,63.0,201.0
254_D_Bainite_08.png,133.36848,20.81236,47.0,167.0
455_I_Martensite_05.png,148.0377,27.280005,58.0,210.0
58_A_Bainite_05.png,159.88634,15.112898,84.0,213.0
97_B_Bainite_02.png,129.05138,11.817558,70.0,149.0
328_E_Martensite_06.png,142.70117,21.699007,56.0,196.0
74_A_Bainite_01.png,164.52461,24.59451,57.0,206.0
683_P_Martensite_06.png,165.4174,18.606438,70.0,215.0
573_L_Bainite_07.png,119.60189,12.542161,67.0,143.0
580_L_Bainite_13.png,151.54167,14.803581,82.0,174.0
146_C_Martensite_03.png,74.04715,24.613817,26.0,146.0
868_S_Bainite_05.png,154.79909,34.58147,40.0,204.0
859_S_Bainite_10.png,126.70215,35.863186,24.0,207.0
338_E_Martensite_06.png,91.80853,16.053713,33.0,138.0
678_P_Martensite_08.png,163.14404,20.112768,79.0,215.0
609_M_Bainite_06.png,165.0676,15.6780405,74.0,211.0
279_D_Bainite_12.png,104.87274,37.2494,31.0,203.0
389_F_Martensite_10.png,104.95303,17.799107,36.0,156.0
612_M_Bainite_07.png,146.2515,19.652878,42.0,199.0
856_S_Bainite_07.png,160.29123,15.523337,86.0,188.0
110_B_Bainite_01.png,178.97388,30.33159,59.0,232.0
83_B_Martensite_01.png,130.00325,22.295595,43.0,181.0
880_T_Bainite_02.png,122.12641,17.132298,53.0,165.0
645_N_Bainite_02.png,145.34857,34.058857,46.0,222.0
397_F_Martensite_01.png,91.24745,13.244882,50.0,138.0
272_D_Bainite_10.png,161.1378,21.272951,44.0,204.0
743_Q_Martensite_08.png,129.57172,22.93464,48.0,187.0
641_N_Martensite_06.png,112.1098,18.71306,38.0,169.0
273_D_Bainite_05.png,122.04173,12.457646,51.0,158.0
40_A_Bainite_04.png,129.82812,21.98646,67.0,195.0
840_R_Bainite_08.png,134.10579,33.162533,18.0,213.0
411_G_Martensite_12.png,134.13521,4.169389,104.0,144.0
383_F_Martensite_07.png,119.166016,14.223233,60.0,153.0
330_E_Martensite_04.png,108.07487,19.973621,46.0,185.0
419_H_Martensite_02.png,160.12033,13.790571,100.0,198.0
228_D_Bainite_10.png,108.130424,17.454401,47.0,176.0
523_J_Martensite_03.png,156.90198,14.015841,95.0,182.0
631_N_Martensite_03.png,131.52756,34.6871,38.0,244.0
885_T_Bainite_07.png,185.89949,14.207524,92.0,242.0
660_O_Martensite_04.png,94.76105,28.3079,29.0,169.0
140_C_Martensite_10.png,126.3255,7.9892244,67.0,151.0
434_H_Martensite_09.png,175.454,11.949856,81.0,209.0
452_I_Martensite_03.png,103.69058,27.044134,34.0,165.0
516_J_Martensite_03.png,124.76226,13.828855,63.0,151.0
278_D_Bainite_05.png,138.90027,39.193905,36.0,190.0
664_O_Martensite_02.png,162.46709,20.31531,71.0,205.0
575_L_Bainite_05.png,152.77072,29.581224,42.0,207.0
399_G_Martensite_12.png,104.98828,19.366095,30.0,172.0
411_G_Martensite_01.png,128.15851,6.8874326,73.0,144.0
843_R_Bainite_09.png,122.64681,19.145798,39.0,165.0
633_N_Martensite_04.png,133.66266,11.363653,72.0,161.0
87_B_Martensite_05.png,147.79036,21.273438,58.0,217.0
335_E_Martensite_10.png,132.17783,7.9765716,89.0,156.0
754_Q_Martensite_06.png,152.6992,27.121616,66.0,232.0
521_J_Martensite_06.png,77.196396,26.777178,15.0,139.0
123_C_Martensite_02.png,93.73514,24.95039,26.0,177.0
61_A_Bainite_06.png,135.66359,22.653923,48.0,186.0
636_N_Bainite_02.png,112.74861,16.177923,47.0,159.0
52_A_Bainite_05.png,169.52724,33.2243,35.0,222.0
446_I_Martensite_02.png,105.40541,16.445963,39.0,142.0
409_G_Martensite_07.png,155.5501,7.067044,114.0,173.0
50_A_Bainite_02.png,122.994354,13.386782,57.0,145.0
248_D_Bainite_11.png,177.19304,11.127417,119.0,195.0
888_T_Bainite_05.png,145.56337,15.093694,78.0,196.0
85_B_Martensite_04.png,105.62793,13.399175,28.0,142.0
228_D_Bainite_02.png,110.58594,16.818043,48.0,181.0
81_B_Bainite_02.png,167.64789,21.532543,75.0,209.0
454_I_Martensite_10.png,98.84383,19.135382,36.0,142.0
857_S_Bainite_08.png,144.05534,21.860447,59.0,214.0
519_J_Martensite_03.png,92.91623,24.458466,26.0,146.0
444_I_Martensite_01.png,109.54926,35.901787,25.0,193.0
84_B_Martensite_03.png,108.03744,19.54664,53.0,154.0
452_I_Martensite_10.png,96.7525,25.513874,33.0,160.0
406_G_Martensite_08.png,82.203995,23.971731,18.0,145.0
570_L_Bainite_10.png,104.23014,26.427855,36.0,174.0
137_C_Martensite_05.png,132.18105,16.276892,33.0,164.0
440_I_Martensite_01.png,117.89572,18.315382,67.0,152.0
612_M_Bainite_08.png,153.24393,16.968296,56.0,198.0
636_N_Martensite_01.png,118.70526,14.378068,55.0,159.0
647_O_Martensite_04.png,132.60135,11.175377,79.0,159.0
277_D_Bainite_08.png,127.55675,19.538603,55.0,153.0
243_D_Bainite_09.png,98.63637,15.572644,38.0,127.0
586_L_Bainite_14.png,170.82082,22.589157,56.0,218.0
150_C_Martensite_02.png,185.52637,11.466735,104.0,208.0
559_K_Bainite_11.png,141.4631,22.767454,29.0,179.0
274_D_Bainite_06.png,104.320206,19.141815,31.0,140.0
244_D_Bainite_02.png,174.66159,19.164087,62.0,214.0
591_M_Bainite_06.png,156.4948,21.780037,80.0,230.0
613_M_Martensite_01.png,122.36865,13.190929,39.0,162.0
432_H_Martensite_01.png,146.8284,15.15601,57.0,186.0
83_B_Martensite_05.png,127.49512,20.453733,34.0,176.0
426_H_Martensite_09.png,108.02919,11.467294,39.0,132.0
596_M_Martensite_02.png,139.95941,20.263222,45.0,195.0
55_A_Bainite_04.png,55.84169,19.003096,17.0,101.0
756_Q_Martensite_03.png,104.33804,20.87408,33.0,153.0
125_C_Martensite_06.png,133.43565,31.869833,50.0,239.0
563_K_Bainite_11.png,135.09294,4.566506,99.0,144.0
657_O_Martensite_02.png,155.40213,18.095188,81.0,203.0
269_D_Bainite_06.png,163.17894,24.973146,53.0,190.0
110_B_Bainite_03.png,165.66794,24.098707,54.0,221.0
234_D_Bainite_07.png,141.06857,18.324947,43.0,169.0
560_K_Bainite_07.png,119.24133,12.873828,64.0,152.0
282_D_Bainite_08.png,106.96846,29.897472,30.0,162.0
394_F_Martensite_09.png,108.69763,22.241285,43.0,178.0
750_Q_Martensite_11.png,105.85806,14.222173,46.0,148.0
889_T_Bainite_06.png,115.52156,18.667,42.0,166.0
65_A_Bainite_01.png,105.35184,16.394571,40.0,150.0
742_Q_Martensite_06.png,153.78418,14.612418,102.0,192.0
336_E_Martensite_04.png,155.09291,21.96907,79.0,222.0
445_I_Martensite_06.png,104.53146,31.201334,26.0,182.0
667_P_Martensite_04.png,144.82823,24.766357,52.0,212.0
326_E_Martensite_02.png,120.20248,11.337009,81.0,154.0
673_P_Martensite_10.png,94.45595,13.826335,39.0,126.0
632_N_Martensite_05.png,172.44434,13.865705,100.0,208.0
266_D_Bainite_10.png,182.01292,10.989934,112.0,199.0
612_M_Bainite_02.png,142.89093,17.40171,46.0,196.0
77_B_Martensite_01.png,160.7665,12.5919,89.0,183.0
230_D_Bainite_01.png,173.32042,24.811102,79.0,252.0
282_D_Bainite_12.png,89.85182,28.824461,19.0,162.0
525_J_Martensite_06.png,128.26482,13.469004,71.0,152.0
890_T_Bainite_06.png,150.63739,16.554043,58.0,200.0
283_D_Bainite_08.png,159.99307,31.40944,42.0,199.0
748_Q_Martensite_07.png,100.7283,22.692799,39.0,171.0
238_D_Bainite_05.png,132.34634,5.307501,101.0,143.0
570_L_Bainite_07.png,108.123695,23.420198,34.0,174.0
60_A_Bainite_03.png,161.86014,25.265594,61.0,205.0
340_E_Martensite_11.png,100.52956,10.091532,48.0,135.0
409_G_Martensite_11.png,161.16579,5.352201,81.0,172.0
846_R_Bainite_11.png,185.00432,9.579952,113.0,202.0
134_C_Martensite_11.png,158.84694,12.530957,96.0,197.0
748_Q_Martensite_12.png,86.28418,19.122456,26.0,149.0
644_N_Bainite_05.png,104.01375,14.98204,44.0,142.0
569_K_Bainite_10.png,162.62369,36.229313,41.0,219.0
92_B_Martensite_01.png,137.8215,26.48014,36.0,198.0
853_R_Bainite_10.png,131.9514,16.082764,40.0,167.0
582_L_Bainite_03.png,131.8029,9.85448,79.0,148.0
561_K_Bainite_11.png,158.79182,5.710979,109.0,169.0
104_B_Bainite_03.png,158.56094,9.438093,91.0,178.0
576_L_Bainite_05.png,100.94325,19.535501,29.0,139.0
882_T_Bainite_01.png,133.03288,16.41193,65.0,178.0
139_C_Martensite_12.png,168.33977,17.265663,52.0,209.0
406_G_Martensite_01.png,88.25434,19.520006,24.0,144.0
135_C_Martensite_08.png,125.38678,2.7904022,99.0,135.0
239_D_Bainite_05.png,191.77599,16.303774,107.0,242.0
394_F_Martensite_01.png,121.196014,26.709251,39.0,197.0
862_S_Bainite_12.png,118.58583,29.634438,37.0,196.0
385_F_Martensite_04.png,128.7628,29.422537,32.0,206.0
339_E_Martensite_08.png,153.47527,22.254478,60.0,204.0
150_C_Martensite_10.png,176.00812,12.234718,87.0,202.0
72_A_Bainite_02.png,75.41841,9.1284075,29.0,101.0
529_J_Martensite_12.png,136.88063,33.041954,40.0,208.0
555_K_Bainite_03.png,109.36187,48.38336,10.0,212.0
139_C_Martensite_02.png,181.9015,16.132614,73.0,219.0
672_P_Martensite_01.png,83.408745,19.823355,29.0,138.0
572_L_Bainite_14.png,153.90169,25.587097,46.0,217.0
151_C_Martensite_04.png,150.98924,40.541397,36.0,239.0
670_P_Martensite_09.png,134.66937,20.963007,50.0,192.0
383_F_Martensite_06.png,122.65592,16.628895,66.0,154.0
642_N_Bainite_05.png,102.591354,20.63888,31.0,147.0
654_O_Martensite_07.png,63.318577,20.221207,20.0,124.0
126_C_Martensite_12.png,100.49772,25.089722,47.0,156.0
391_F_Martensite_07.png,157.69864,22.97316,67.0,217.0
334_E_Martensite_04.png,152.74872,21.793243,71.0,212.0
39_A_Bainite_05.png,155.10504,17.74689,72.0,182.0
112_B_Bainite_02.png,154.24106,30.244173,39.0,205.0
262_D_Bainite_05.png,82.658966,31.20126,15.0,136.0
515_J_Martensite_11.png,130.03722,24.596876,41.0,184.0
440_I_Martensite_04.png,121.7245,14.909811,70.0,149.0
330_E_Martensite_01.png,107.720055,23.719118,34.0,177.0
117_C_Martensite_12.png,129.70291,6.149192,93.0,144.0
395_F_Martensite_12.png,72.66327,16.032576,34.0,127.0
44_A_Martensite_01.png,125.61035,28.820354,39.0,172.0
753_Q_Martensite_11.png,126.85092,7.6801972,94.0,151.0
402_G_Martensite_11.png,133.51552,5.523641,58.0,143.0
260_D_Bainite_03.png,128.45345,38.43334,26.0,226.0
235_D_Bainite_07.png,143.38617,30.296259,38.0,188.0
867_S_Bainite_05.png,155.55295,13.749856,88.0,178.0
62_A_Martensite_02.png,114.9635,15.687522,42.0,151.0
449_I_Martensite_04.png,127.26787,9.7086735,78.0,145.0
841_R_Bainite_10.png,172.41818,22.94527,74.0,215.0
870_S_Bainite_10.png,101.249466,21.054047,29.0,150.0
658_O_Martensite_04.png,123.883606,7.3635044,81.0,140.0
886_T_Bainite_05.png,160.94902,7.389517,113.0,179.0
419_H_Martensite_10.png,151.99675,18.831053,83.0,194.0
608_M_Martensite_01.png,155.39162,6.197521,112.0,171.0
393_F_Martensite_08.png,143.32253,24.213993,65.0,212.0
40_A_Bainite_06.png,140.72287,20.475384,78.0,209.0
637_N_Martensite_03.png,170.27141,7.4750943,117.0,188.0
455_I_Martensite_04.png,162.64252,23.089233,62.0,210.0
572_L_Bainite_13.png,145.89886,31.278261,46.0,226.0
87_B_Bainite_03.png,148.63194,21.235876,49.0,216.0
93_B_Martensite_02.png,95.55664,17.129665,38.0,138.0
120_C_Martensite_06.png,166.29817,18.004389,28.0,194.0
266_D_Bainite_11.png,190.3105,6.215106,149.0,203.0
423_H_Martensite_10.png,173.58311,12.362614,117.0,200.0
869_S_Bainite_04.png,131.17082,27.257252,39.0,194.0
447_I_Martensite_05.png,155.39468,12.227418,107.0,184.0
250_D_Bainite_04.png,149.52106,11.54051,56.0,164.0
587_L_Bainite_01.png,120.18965,18.395859,33.0,159.0
630_N_Martensite_06.png,115.88151,10.219799,69.0,140.0
120_C_Martensite_11.png,154.03494,24.786205,33.0,194.0
885_T_Bainite_01.png,182.55217,18.45911,80.0,239.0
846_R_Bainite_01.png,181.9174,10.519552,117.0,200.0
120_C_Martensite_02.png,164.84895,16.634369,64.0,192.0
255_D_Bainite_05.png,100.95041,22.89014,21.0,143.0
267_D_Bainite_11.png,168.91414,17.00611,83.0,216.0
283_D_Bainite_07.png,157.45078,31.063755,44.0,197.0
660_O_Martensite_07.png,92.675674,26.926373,29.0,162.0
64_A_Martensite_03.png,119.18533,11.685732,50.0,146.0
130_C_Martensite_03.png,74.38325,36.399822,21.0,196.0
528_J_Martensite_07.png,91.852585,27.699974,22.0,156.0
581_L_Bainite_12.png,156.33722,19.792692,52.0,217.0
638_N_Bainite_04.png,159.34167,14.690139,56.0,204.0
401_G_Martensite_12.png,156.98676,16.57427,78.0,219.0
340_E_Martensite_04.png,93.10637,12.603751,37.0,129.0
428_H_Martensite_02.png,158.48991,11.512226,110.0,191.0
391_F_Martensite_03.png,156.78285,22.476612,74.0,214.0
335_E_Martensite_01.png,125.49219,9.76176,86.0,152.0
389_F_Martensite_06.png,109.201675,16.92169,46.0,153.0
747_Q_Martensite_12.png,99.21224,17.244228,33.0,149.0
846_R_Bainite_09.png,184.00323,9.680664,117.0,202.0
633_N_Bainite_02.png,107.56478,21.293663,29.0,157.0
633_N_Martensite_05.png,135.2921,10.772796,80.0,165.0
564_K_Bainite_06.png,137.04051,33.958324,39.0,193.0
553_K_Bainite_10.png,176.7066,23.355446,81.0,245.0
643_N_Martensite_03.png,149.61311,13.399324,75.0,188.0
126_C_Martensite_10.png,101.60189,19.399414,43.0,153.0
137_C_Martensite_12.png,121.792404,16.78328,32.0,162.0
271_D_Bainite_02.png,108.52319,17.707487,27.0,148.0
397_F_Martensite_06.png,93.24797,17.988201,31.0,133.0
585_L_Bainite_01.png,96.71028,18.098497,27.0,139.0
97_B_Martensite_01.png,132.65717,7.2382774,82.0,147.0
443_I_Martensite_03.png,92.05512,24.641998,34.0,151.0
668_P_Martensite_04.png,123.00607,10.549537,64.0,143.0
89_B_Martensite_03.png,138.52148,23.637653,63.0,208.0
269_D_Bainite_05.png,156.12692,28.992939,44.0,192.0
384_F_Martensite_02.png,143.31598,38.145313,38.0,252.0
272_D_Bainite_02.png,165.77386,22.018974,33.0,205.0
571_L_Bainite_14.png,160.40842,16.83708,73.0,182.0
586_L_Bainite_08.png,170.91803,23.409494,51.0,214.0
747_Q_Martensite_07.png,110.23101,20.420485,45.0,160.0
451_I_Martensite_07.png,126.62329,26.507822,42.0,185.0
628_N_Bainite_02.png,149.16081,18.131392,65.0,186.0
266_D_Bainite_09.png,190.19308,7.9861317,86.0,203.0
849_R_Bainite_05.png,159.47395,30.490984,41.0,203.0
609_M_Martensite_01.png,168.80373,13.054634,71.0,211.0
325_E_Martensite_08.png,145.0357,28.929552,53.0,219.0
551_K_Bainite_07.png,84.180664,12.930093,39.0,118.0
654_O_Bainite_04.png,71.439995,21.347292,19.0,131.0
560_K_Bainite_01.png,116.80934,10.350005,53.0,150.0
230_D_Bainite_11.png,172.20563,26.520496,84.0,250.0
99_B_Bainite_03.png,140.21927,21.22199,51.0,198.0
59_A_Bainite_06.png,124.52234,8.836316,81.0,141.0
416_G_Martensite_10.png,93.87573,9.563544,43.0,119.0
866_S_Bainite_05.png,173.3821,29.65812,76.0,233.0
130_C_Martensite_05.png,64.87153,26.869839,22.0,178.0
523_J_Martensite_04.png,155.44653,15.417403,90.0,180.0
759_Q_Martensite_06.png,156.10898,28.273708,72.0,240.0
406_G_Martensite_10.png,110.69488,15.373024,42.0,149.0
239_D_Bainite_01.png,189.6662,17.861124,86.0,244.0
864_S_Bainite_09.png,144.66608,17.039717,57.0,193.0
119_C_Martensite_10.png,196.72775,13.036998,83.0,226.0
678_P_Martensite_04.png,164.79823,21.573154,63.0,212.0
93_B_Bainite_01.png,97.26291,24.709932,26.0,148.0
887_T_Bainite_08.png,139.18488,33.508247,37.0,199.0
233_D_Bainite_10.png,167.02301,28.636591,45.0,212.0
242_D_Bainite_03.png,159.9174,21.603165,66.0,198.0
564_K_Bainite_01.png,136.9545,38.125256,38.0,197.0
634_N_Martensite_03.png,127.79503,15.220905,70.0,167.0
630_N_Bainite_05.png,118.19108,12.660046,63.0,144.0
94_B_Bainite_03.png,119.45215,13.123562,66.0,158.0
844_R_Bainite_04.png,113.79698,20.106615,29.0,167.0
134_C_Martensite_04.png,158.27777,12.732671,73.0,191.0
91_B_Bainite_03.png,128.20735,20.925694,35.0,170.0
741_Q_Martensite_03.png,96.68967,16.260702,37.0,135.0
151_C_Martensite_05.png,137.82802,37.341404,43.0,232.0
118_C_Martensite_04.png,167.5829,22.072691,84.0,234.0
114_C_Martensite_08.png,108.88878,11.385674,61.0,144.0
115_C_Martensite_05.png,175.5346,9.737389,64.0,192.0
94_B_Martensite_04.png,122.26753,12.789683,59.0,163.0
446_I_Martensite_06.png,103.491806,18.472147,43.0,147.0
70_A_Bainite_05.png,130.49507,25.469168,39.0,188.0
93_B_Bainite_03.png,90.76866,17.405739,29.0,135.0
561_K_Bainite_04.png,154.27371,7.059174,98.0,167.0
254_D_Bainite_05.png,123.56869,28.275589,27.0,181.0
615_M_Bainite_02.png,114.70085,12.969883,41.0,156.0
235_D_Bainite_05.png,135.68489,32.40907,38.0,189.0
881_T_Bainite_08.png,125.40234,18.221642,40.0,184.0
109_B_Martensite_04.png,108.49037,15.913495,39.0,148.0
255_D_Bainite_10.png,94.29546,21.208048,20.0,135.0
446_I_Martensite_01.png,99.52351,19.572187,41.0,142.0
