epoch,lr,train_accuracy,train_balanced_accuracy,train_precision_macro,train_recall_macro,train_f1_macro,train_roc_auc,train_loss,val_accuracy,val_balanced_accuracy,val_precision_macro,val_recall_macro,val_f1_macro,val_roc_auc,val_loss
1,0.001,0.6040485829959514,0.5974913244650086,0.6015231234592285,0.5974913244650086,0.5963399156665402,0.643148083538026,0.6685353175831227,0.5969773299748111,0.5760007649158593,0.6247071374780353,0.5760007649158593,0.5415869808393172,0.6113590005099439,0.6892767131178446
2,0.001,0.6502024291497975,0.6442669172932332,0.6494432057088697,0.6442669172932332,0.6440010249183268,0.6989573259682997,0.6209067173332338,0.6775818639798489,0.6779767975522693,0.6771816935729515,0.6779767975522693,0.6770573169879188,0.7500382457929629,0.586917601844826
3,0.001,0.661808367071525,0.6561957779063042,0.6612749047570405,0.6561957779063042,0.6561809356283117,0.7259789539248309,0.6023578081536389,0.6536523929471033,0.6569479857215706,0.6571192465014772,0.6569479857215706,0.6536474484753985,0.746239163691994,0.5909185007177011
4,0.001,0.6842105263157895,0.6778846153846154,0.6855514976173437,0.6778846153846154,0.6778898626091423,0.7420790375190546,0.5900638162848438,0.6574307304785895,0.6661652218255991,0.675,0.6661652218255991,0.6550472783030923,0.7438679245283017,0.6351473158793125
5,0.0005,0.6842105263157895,0.6787521688837479,0.684448051948052,0.6787521688837479,0.6790232550700531,0.753318450673554,0.5810511332935329,0.646095717884131,0.6536588475267721,0.6594217275426728,0.6536588475267721,0.6445117880524579,0.7519059153493115,0.5968772353093029
6,0.0005,0.719838056680162,0.7161292654713707,0.7194753859213605,0.7161292654713707,0.7168118668050629,0.7880813252377284,0.5474712724627754,0.690176322418136,0.6861550229474758,0.6891940917336097,0.6861550229474758,0.6866694472071609,0.7592937276899542,0.5763985183587302
7,0.0005,0.7252361673414305,0.7207200694042799,0.7258821971791497,0.7207200694042799,0.7215022922570092,0.794235569459307,0.5449434103431651,0.743073047858942,0.7420512493625702,0.7418908933394486,0.7420512493625702,0.7419663168358471,0.8179404640489546,0.5193656376687346
8,0.0005,0.7327935222672065,0.7280581260844419,0.7340052005059952,0.7280581260844419,0.7289179866697963,0.8061152569995529,0.5329673643697772,0.7128463476070529,0.6963666496685365,0.7646563573883162,0.6963666496685365,0.6865442154255319,0.8052970423253443,0.569236437454632
9,0.0005,0.7392712550607288,0.7361914401388086,0.7388068844652075,0.7361914401388086,0.7368827714135489,0.8151241737167585,0.5225103665459977,0.7229219143576826,0.7104474757776644,0.748307761732852,0.7104474757776644,0.7071976935197292,0.8054882712901581,0.5725086212008066
10,0.00025,0.740080971659919,0.7362637362637363,0.7403380470233605,0.7362637362637363,0.737107981858545,0.8184527224320535,0.517610300689252,0.7329974811083123,0.7267656807751147,0.7365610703266305,0.7267656807751147,0.7275769875641698,0.8148839877613463,0.5099068028050046
11,0.00025,0.7565452091767881,0.7518074031231926,0.7586744386172856,0.7518074031231926,0.7529164335254851,0.834726375265476,0.4969198531950051,0.7493702770780857,0.7507011728709843,0.7495479204339963,0.7507011728709843,0.749121561865385,0.8249872514023457,0.5079922218917299
12,0.00025,0.762753036437247,0.759506940427993,0.7629338109168037,0.759506940427993,0.7603891550377325,0.842348786947125,0.4864655393820543,0.7594458438287154,0.7573814380418153,0.7585598565619698,0.7573814380418153,0.7578228424604487,0.8415922998470168,0.4825491113236329
13,0.00025,0.7668016194331984,0.7635555234239445,0.7670746667789812,0.7635555234239445,0.7644653055170002,0.8379638952566717,0.4928673774365954,0.7229219143576826,0.7240438551759306,0.723008984315517,0.7240438551759306,0.7226244918699187,0.7997768995410506,0.5473725352839799
14,0.00025,0.7646423751686909,0.7617119722382881,0.7645384615384615,0.7617119722382881,0.7625108939956883,0.8441819473941783,0.48412501676845165,0.77455919395466,0.7708439571647119,0.7754708418425234,0.7708439571647119,0.7719456171344857,0.8387748597654258,0.48454338477300457
15,0.00025,0.7670715249662619,0.7633024869866976,0.7680170396549166,0.7633024869866976,0.7643522506819227,0.8472331658326758,0.47907413977843066,0.7884130982367759,0.783299337072922,0.792425518475629,0.783299337072922,0.7848627167630058,0.859045130035696,0.46008785530662055
16,0.00025,0.7732793522267206,0.7703875072296125,0.7733076923076923,0.7703875072296125,0.7712260905463053,0.8558470881345376,0.4667444377292988,0.7317380352644837,0.7317822539520653,0.7309211570825263,0.7317822539520653,0.7310892568948109,0.8145525242223356,0.5227310025421739
17,0.00025,0.7781376518218623,0.7760627530364372,0.7775592068942381,0.7760627530364372,0.7766038259559168,0.8590181659380466,0.46338899312553455,0.7732997481108312,0.764329423763386,0.7890803636160839,0.764329423763386,0.7653664302600472,0.8452001529831717,0.4901094607051734
18,0.00025,0.7759784075573549,0.7727009832272991,0.7765046270877689,0.7727009832272991,0.7736846087135197,0.8548167951801023,0.4701092810122429,0.7997481108312342,0.7913309535951045,0.8160435092280777,0.7913309535951045,0.793227473364398,0.8771290158082611,0.44356286300519854
19,0.00025,0.7875843454790823,0.7850997686524002,0.7874742790155724,0.7850997686524002,0.7858649032177234,0.8600736308226187,0.4624852689332486,0.7342569269521411,0.7239864864864864,0.7506616257088847,0.7239864864864864,0.7231552246944998,0.8405022947475778,0.5209425606715589
20,0.00025,0.7686909581646424,0.7650375939849624,0.7695215950166445,0.7650375939849624,0.7660723088408243,0.8556948857662685,0.46548181587224385,0.792191435768262,0.7837391636919939,0.8078077351275473,0.7837391636919939,0.7854247365102243,0.8716024987251403,0.450983065877213
21,0.000125,0.7902834008097166,0.7869071717755929,0.7913042276609288,0.7869071717755929,0.7880300720832575,0.8693784640673625,0.44867880773930413,0.7682619647355163,0.7673572157062722,0.7671800947867299,0.7673572157062722,0.7672637367539014,0.8562340642529321,0.46237304784188643
22,0.000125,0.7854251012145749,0.7831839213418161,0.7850677946425467,0.7831839213418161,0.7838326434340013,0.8676015014178236,0.4495095242131577,0.7972292191435768,0.7932751147373789,0.7992163366175657,0.7932751147373789,0.7946491249206846,0.8792006629270781,0.4346123588475532
23,0.000125,0.7948717948717948,0.7919679005205321,0.7953628620344341,0.7919679005205321,0.7929494272468495,0.8737662827264362,0.4402001219561547,0.7707808564231738,0.7709204487506374,0.7699568089430895,0.7709204487506374,0.7701976349954519,0.8728901070882203,0.44453528350786836
24,0.000125,0.8,0.7971370734528629,0.8005506705746515,0.7971370734528629,0.7981362748982761,0.8833041026733762,0.42667440967521203,0.8060453400503779,0.801529831718511,0.8094839317491886,0.801529831718511,0.8031679598209973,0.8925611932687405,0.40971987208431254
25,0.000125,0.801889338731444,0.7986191440138808,0.8030568166830834,0.7986191440138808,0.7997943664111977,0.8868510032477643,0.4209736074352393,0.8173803526448362,0.8152409484956655,0.8173345311046232,0.8152409484956655,0.8159907300115875,0.8834905660377359,0.42228592643209306
26,0.000125,0.7964912280701755,0.7936668594563332,0.7969187525857584,0.7936668594563332,0.7946269250991882,0.8812713229664008,0.4276643448754361,0.7934508816120907,0.792835288118307,0.792462439521263,0.792835288118307,0.7926285481322937,0.8848929117797042,0.42625642611037573
27,0.000125,0.8051282051282052,0.801764025448236,0.8065308823817987,0.801764025448236,0.8030010015612572,0.8893017540737549,0.4161210987329805,0.801007556675063,0.7971570627231004,0.8029346017883136,0.7971570627231004,0.7985328220051005,0.8840578786333504,0.4206906174982825
28,6.25e-05,0.815114709851552,0.8121385193753614,0.8161690804785129,0.8121385193753614,0.8132927155743856,0.8953781409300267,0.4081245832999869,0.7720403022670025,0.7702065272819989,0.77118665753968,0.7702065272819989,0.7705960569351618,0.8698368179500255,0.4460790776635898
29,6.25e-05,0.8140350877192982,0.811524002313476,0.8144341135471703,0.811524002313476,0.8124557127560119,0.8939041195327153,0.4077211408721291,0.7909319899244333,0.7868625701172871,0.7929120020827909,0.7868625701172871,0.7882108700123406,0.8825917899031106,0.4333172525356639
30,6.25e-05,0.8194331983805668,0.8172715442452284,0.819530184644645,0.8172715442452284,0.8180589475078103,0.8975098521763768,0.40331945824719634,0.809823677581864,0.8043791432942377,0.8157946947602326,0.8043791432942377,0.8063061098213694,0.9040922998470169,0.3925085267056746
