Experiment,Phase,Precision,Recall,F1,Support
microscope_0,Bainite,0.6949760765550239,0.5549188156638013,0.6171003717472119,1047
microscope_0,Martensite,0.6697377746279235,0.7875,0.7238605898123325,1200
microscope_1,Bainite,0.6605922551252847,0.7379134860050891,0.6971153846153846,393
microscope_1,Martensite,0.745049504950495,0.6688888888888889,0.7049180327868853,450
microscope_2,Bainite,0.8653061224489796,0.6174757281553398,0.7206798866855524,1030
microscope_2,Martensite,0.7316076294277929,0.9156010230179028,0.8133282847406286,1173
magnification_100x,Bainite,0.9516129032258065,0.9291338582677166,0.9402390438247012,127
magnification_100x,Martensite,0.926829268292683,0.95,0.9382716049382716,120
magnification_20x,Bainite,0.6121281464530892,0.9083191850594228,0.7313738892686261,1178
magnification_20x,Martensite,0.859375,0.49327354260089684,0.6267806267806267,1338
magnification_50x,Bainite,0.65625,0.8472103004291845,0.7396028475084301,1165
magnification_50x,Martensite,0.8265107212475633,0.6212454212454213,0.7093266415725638,1365
