epoch,stage,train_accuracy,train_balanced_accuracy,train_precision_macro,train_recall_macro,train_f1_macro,train_roc_auc,train_loss,val_accuracy,val_balanced_accuracy,val_precision_macro,val_recall_macro,val_f1_macro,val_roc_auc,val_loss
1,head,0.6176600441501103,0.61227760103688,0.6138177005695065,0.61227760103688,0.6125148752376482,0.6521055732296454,0.6760014070580337,0.5261044176706827,0.5462475633528265,0.5589294585196225,0.5462475633528265,0.5078144630383437,0.6073911630929174,0.7311930026874006
2,head,0.6878587196467991,0.6826558265582656,0.6856082375478927,0.6826558265582656,0.6833592857884356,0.7412638937983582,0.60505170819512,0.5522088353413654,0.5648635477582846,0.5702782617878452,0.5648635477582846,0.5474627449542182,0.6375243664717348,0.692360769792733
3,head,0.6944812362030905,0.6882172734770826,0.6929298508640417,0.6882172734770826,0.6890627405360711,0.7573543851380543,0.5888374988343279,0.5682730923694779,0.5721734892787524,0.5721254525088879,0.5721734892787524,0.5682713515562312,0.6251137102014295,0.6808616377742415
4,head,0.7275938189845474,0.7232237539766702,0.7259959568454488,0.7232237539766702,0.7240689408569806,0.7821644868622599,0.5626353464905526,0.5803212851405622,0.576120857699805,0.576547364294232,0.576120857699805,0.5762185315325954,0.6409194282001298,0.6592426565756281
5,head,0.7271523178807947,0.7225874867444326,0.725640694874441,0.7225874867444326,0.7234805922596612,0.7938211382113821,0.5487998464775927,0.5742971887550201,0.590009746588694,0.6024593195266272,0.590009746588694,0.5662092201495603,0.6731319038336582,0.6747737055322731
6,fine_tune,0.7863134657836645,0.7838753387533876,0.7849438923388915,0.7838753387533876,0.7843339229955681,0.8568021680216803,0.4761294415454991,0.6566265060240963,0.6649122807017545,0.6685342895562527,0.6649122807017545,0.6560148325880685,0.7621832358674464,0.6920114724511602
7,fine_tune,0.8397350993377484,0.8370448921880523,0.8394784813010909,0.8370448921880523,0.8380061034753636,0.9179340952829818,0.36591291027616457,0.6666666666666666,0.6748538011695906,0.6784482758620689,0.6748538011695906,0.6661281724043231,0.7697205977907733,0.7694241631940666
8,fine_tune,0.8710816777041943,0.869123365146695,0.8707969832021362,0.869123365146695,0.8698425468336972,0.9377141510545539,0.3206086331776962,0.7068273092369478,0.7214424951267057,0.743115993722357,0.7214424951267057,0.703072675890684,0.8311890838206627,0.7690065017186973
9,fine_tune,0.8799116997792494,0.8785554377282903,0.8792955265606037,0.8785554377282903,0.8789002424825686,0.9564824633753585,0.2659126776996301,0.714859437751004,0.7042884990253411,0.7207865168539326,0.7042884990253411,0.7047841696585122,0.8024041585445094,0.6466094870643923
10,fine_tune,0.897130242825607,0.8960174384352539,0.896589401941766,0.8960174384352539,0.896288946547082,0.9658897922312557,0.23279950883214837,0.6827309236947792,0.683187134502924,0.6819575319478508,0.683187134502924,0.6818637598654418,0.7506010396361272,0.80336346133167
11,fine_tune,0.9187637969094923,0.9177742429598209,0.9184480723839497,0.9177742429598209,0.9180928422624897,0.9743560739955226,0.20350667876386747,0.6947791164658634,0.6864522417153996,0.6953635620915033,0.6864522417153996,0.6871031746031746,0.7768518518518518,0.8776502767241144
12,fine_tune,0.9165562913907285,0.9151290208554259,0.9166134547982916,0.9151290208554259,0.9157904613864787,0.9743348650877813,0.20481236542823825,0.7068273092369478,0.7118908382066277,0.7118908382066277,0.7118908382066277,0.7068273092369478,0.7898473034437947,0.8446193560060248
13,fine_tune,0.9421633554083885,0.9407741251325556,0.9426866790264683,0.9407741251325556,0.9416125112533391,0.9857546836337928,0.1502854114139317,0.7128514056224899,0.7113060428849902,0.7109051996692446,0.7113060428849902,0.7110794659266562,0.796816114359974,0.7941105952224579
14,fine_tune,0.9439293598233995,0.9432426063391068,0.9437354714713959,0.9432426063391068,0.9434798182347265,0.9886555909037351,0.13500036532614404,0.7329317269076305,0.7325536062378168,0.7314370241039818,0.7325536062378168,0.7317538424154062,0.7995776478232618,0.8556632923792644
15,fine_tune,0.9514348785871964,0.9513019912807824,0.9509003409240737,0.9513019912807824,0.9510943557998972,0.990412788185853,0.12422720966881211,0.7228915662650602,0.7202241715399611,0.7208843847758082,0.7202241715399611,0.7205068974492452,0.7849577647823263,0.8765833665089435
16,fine_tune,0.9584988962472406,0.9580358194886296,0.9583223947419305,0.9580358194886296,0.9581760507159829,0.9918306429441107,0.11326201643802998,0.678714859437751,0.6835769980506823,0.6835769980506823,0.6835769980506823,0.678714859437751,0.7510640025990903,1.1122035338696705
17,fine_tune,0.9452538631346579,0.9447684694238248,0.9449061647452257,0.9447684694238248,0.9448365641306858,0.9889674403990416,0.13584970118062648,0.7269076305220884,0.7276803118908381,0.7261520588614947,0.7276803118908381,0.7261612110234184,0.7886127355425601,0.9573414076762985
18,fine_tune,0.9717439293598233,0.9713797572758336,0.971674681313637,0.9713797572758336,0.9715241196364139,0.994904363536389,0.08848032731044767,0.7269076305220884,0.7211988304093567,0.7263765128341535,0.7211988304093567,0.7223215310690916,0.7856400259909031,0.9251431066348371
19,fine_tune,0.9637969094922737,0.9635265700483091,0.9635265700483091,0.9635265700483091,0.9635265700483091,0.9940434389851146,0.09651131966782459,0.7389558232931727,0.7404970760233918,0.7387903225806451,0.7404970760233918,0.7384453781512605,0.8019168291098117,0.9001708167145052
20,fine_tune,0.9699779249448124,0.969677153293272,0.9698225600633635,0.969677153293272,0.9697490835555374,0.9956553159734496,0.08261179534541586,0.7409638554216867,0.7461013645224172,0.7459375659486047,0.7461013645224172,0.7409628109337387,0.8031270305393112,0.9586076990188844
21,fine_tune,0.9770419426048566,0.9767939201131142,0.9769415301542601,0.9767939201131142,0.9768669462483521,0.9974423628294254,0.06578204474200147,0.7269076305220884,0.7273391812865497,0.7259006973140496,0.7273391812865497,0.7260415823962463,0.783641975308642,0.9836727677578907
22,fine_tune,0.9805739514348786,0.9798161894662425,0.9810919968432842,0.9798161894662425,0.9804038929516936,0.997885393346687,0.054426757922235704,0.7570281124497992,0.765692007797271,0.7707902187049883,0.765692007797271,0.7566739217341092,0.8141000649772578,1.0613036988729454
23,fine_tune,0.976158940397351,0.9760574997054319,0.9759131986216818,0.9760574997054319,0.9759845716924642,0.9973056832017595,0.06624082508466102,0.7269076305220884,0.7269980506822613,0.7256782945736434,0.7269980506822613,0.7259129759129759,0.8086744639376219,0.9157612754637936
24,fine_tune,0.9796909492273731,0.9796158831153529,0.9794705034253783,0.9796158831153529,0.9795424129232103,0.9983386355602686,0.05250247799797563,0.7168674698795181,0.7208089668615985,0.7199336623250546,0.7208089668615985,0.7168115182190317,0.7957115009746588,1.0620741556925946
25,fine_tune,0.977924944812362,0.9779898668551903,0.9775644647868753,0.9779898668551903,0.9777701617272261,0.99703860806724,0.06748270736822229,0.7409638554216867,0.7375730994152047,0.7393577846516424,0.7375730994152047,0.738218359188763,0.8051007147498376,0.9069673222710329
